remark,reading,comment,time
招商局置地前三季度合同销售额371.19亿元,113,0,2021-10-15 19:19:57
招商局置地(00978.HK)前9个月合同销售总额371.19亿元 同比增长约12%,92,0,2021-10-15 18:12:42
招商局置地前9月销售额371.19亿元 完成全年目标67.5%,88,0,2021-10-15 17:48:02
招商局置地(00978.HK):前9月合同销售总额增12%至约人民币371.19万元,195,0,
招商局置地(978)首九个月合同销售总额按年增12%,83,0,2021-10-15 16:47:07
招商局置地(00978)前9个月合同销售总额371.19亿元 同比增长约12%,201,0,
招商局置地(00978.HK)前三季度合同销售额达371.19亿元  同比增长约12%,72,0,2021-10-15 16:36:13
招商局置地(00978)前9个月合同销售总额371.19亿元 同比增长约12%,74,0,2021-10-15 16:35:40
截至二零二一年九月三十日止九个月之未经审核营运数据,171,0,2021-10-15 16:30:54
股份发行人的证券变动月报表,596,0,2021-10-04 16:27:43
2021 中期报告,407,0,2021-09-24 16:50:10
转发,309,0,2021-09-08 21:25:20
招商局置地：为广州市悦商房地产增资5亿元,215,0,2021-09-07 14:05:22
港股应该和A股一样规定股票价格20天低于1元就退市，打击空头[666][666],482,2,2021-07-06 23:33:48
招商局置地(00978.HK)藉投资广州市悦商房地产开发参与东东风化工住宅改造项目,320,0,
招商局置地(00978.HK)投资广州市悦商房地产开发有限公司,420,0,2021-09-03 20:14:32
招商局置地(00978)拟向广州市悦商房地产开发增资5亿元,910,0,
招商局置地(00978)拟向广州市悦商房地产开发增资5亿元,369,0,2021-09-03 20:12:59
须予披露交易:投资广州市悦商房地产开发有限公司,569,0,2021-09-03 20:05:06
股份发行人的证券变动月报表,737,0,2021-09-01 11:36:28
招商局置地上半年收入同比增长145%毛利率降9.43个百分点,304,0,2021-08-23 11:10:04
招商局置地上半年净利2.97亿元 同比增长2.5倍,221,0,2021-08-19 11:44:06
招商局置地上半年营收73亿 归属股东净利润近3亿,384,0,2021-08-18 21:57:35
招商局置地上半年公司拥有人应占溢利同比增258%至2.97亿,254,0,2021-08-18 20:38:08
这是哪家的部将？,466,1,2021-08-12 11:44:35
招商局置地上半年毛利率20% 较去年同期下滑9个百分点,352,0,2021-08-18 20:08:49
招商局置地(00978.HK)上半年纯利大增258.09%至2.97亿元,313,0,2021-08-18 20:00:35
招商局置地(00978.HK)上半年公司拥有人应占溢利同比增长258.09%至2.97亿元,234,0,2021-08-18 19:59:00
招商局置地(00978)中期股东应占溢利同比增加258.09%至2.97亿元,343,0,2021-08-18 19:52:12
截至二零二一年六月三十日止六个月之中期业绩公告,732,0,2021-08-18 19:44:30
招商局置地(00978.HK)将于8月18日举行董事会会议以审批中期业绩,490,0,2021-08-06 21:07:00
董事会会议日期,850,0,2021-08-06 21:01:00
股份发行人的证券变动月报表,822,0,2021-08-02 14:28:29
招商局置地(00978)获一家银行不超过7亿元定期贷款,213,0,2021-07-26 10:06:01
招商局置地：获得一笔不超过7亿港元定期贷款融资,630,0,2021-07-25 21:06:15
招商局置地(00978)获授不超过7亿港元的已承诺定期贷款融资,387,0,2021-07-23 21:03:19
招商局置地(00978.HK)获得7亿港元贷款融资,369,0,2021-07-23 21:03:18
根据上市规则第13.18条之披露,770,0,2021-07-23 21:00:21
横盘1年多了，格劳资的[看多][大笑][大笑][买入][满仓][看多],443,0,2021-07-19 15:33:15
招商局置地(00978)预期上半年净利润同比增加约240%C260%招商局置地(,505,0,2021-07-12 15:01:03
"招商置地曾升3%,上半年合同销售按年升47%发盈喜",592,0,2021-07-12 13:48:49
招商局置地(00978.HK)午后直线拉升 现涨3.6%,523,0,2021-07-12 13:02:53
招商局置地上半年合同销售总额按年升47%至288.5亿人民币,350,0,2021-07-12 12:50:26
招商局置地料中期纯利按年增加约最多260%,404,0,2021-07-12 12:50:22
招商局置地(00978)上半年合同销售总额288.53亿元 同比增长约47%,377,0,2021-07-12 12:32:07
招商局置地(00978.HK)上半年全口径合同销售额劲升47%至288.53亿元,437,0,2021-07-12 12:31:22
招商局置地(00978)预期中期归属于公司股东净利润同比增加约240%C260%,445,0,2021-07-12 12:24:58
招商局置地(00978.HK)盈喜：上半年纯利预增240%-260%,407,0,2021-07-12 12:24:57
截至二零二一年六月三十日止六个月之未经审核营运数据,1038,0,2021-07-12 12:21:24
盈利预喜,1002,0,2021-07-12 12:18:24
2020环境、社会及管治报告,842,0,2021-07-09 20:54:59
股票好便宜,253,0,2021-07-06 23:32:06
股份发行人的证券变动月报表,927,0,2021-07-02 15:03:59
招商局置地（00978.HK）获授不超过19.5亿元定期贷款额度,479,0,2021-06-22 17:48:58
招商局置地(00978)获授不超19.5亿元的定期贷款额度,368,0,2021-06-22 17:06:52
招商局置地(00978.HK)获授不超19.5亿元定期贷款,423,0,2021-06-22 17:01:58
根据上市规则第13.18条之披露,960,0,2021-06-22 17:00:17
成仙了都[大笑][大笑][大笑],421,0,2021-06-22 10:42:15
莫得人气[大笑],399,0,2021-06-16 17:13:34
招商局置地：武汉大本营拟收购广州招赢33%股权,363,0,2021-06-11 09:51:41
招商局置地(00978)：武汉大本营拟收购广州招赢房地产33%股权,272,0,2021-06-10 21:46:56
须予披露交易:视作出售一间附属公司之股权,791,0,2021-06-10 21:34:13
股份发行人的证券变动月报表,979,0,2021-06-01 15:25:54
于二零二一年五月二十六日举行的股东周年大会表决结果,977,0,2021-05-26 19:04:33
股份发行人的证券变动月报表,1284,0,2021-05-03 16:23:38
股东周年大会通告,1085,0,2021-04-26 16:38:47
二零二一年五月二十六日举行之股东周年大会适用之代表委任表格,1196,0,2021-04-26 16:37:06
建议授出购回股份及发行本公司新股份之一般授权、建议重选本公司退任董事、建议自股份溢价账派付末期股息及股东周年大会通告,1209,0,2021-04-26 16:35:56
年报2020,1337,0,2021-04-26 16:30:41
招商局置地一季度销售同比增198.6% 去年毛利同比降约25%,1157,0,
主要及关连交易:有关透过项目公司开发项目地块之合营安排之增资协议,1272,0,2021-04-19 07:25:22
招商局置地一季度合同销售额142亿元,368,0,2021-04-16 19:56:22
招商局置地(00978)一季度合同销售总额142.08亿元 同比增长198.6%,357,0,2021-04-16 16:41:23
招商局置地(00978.HK)：首季合同销售总额142.1亿元 同比增长198.6%,306,0,2021-04-16 16:41:23
招商局置地：2021年前3月合同销售额约142.08亿元 同比增198.6%,343,0,2021-04-16 16:40:17
截至二零二一年三月三十一日止三个月之未经审核营运数据,1266,0,2021-04-16 16:38:51
招商局地产10.75亿元竞得扬州1宗住宅用地 溢价率80.26%,656,0,2021-04-16 15:40:22
股份发行人的证券变动月报表,1217,0,2021-04-01 15:37:48
招商局置地“全面”下挫：营收减少3%、归母净利降逾6成、毛利率降8个点,1376,0,
招商置地(00978)现价跌2.5% 去年度少赚61%,504,0,2021-03-19 15:52:19
直击财报季招商局置地2020年实现营业收入189.56亿元，同比减少3%,1500,0,
招商局置地：2020年营业收入189.56亿元,711,0,2021-03-19 08:21:30
招商局置地(00978.HK)实现年度纯利7.01亿元 末期息0.07港元,585,0,2021-03-18 22:13:04
截至二零二零年十二月三十一日止年度全年业绩公告,1193,0,2021-03-18 21:57:04
获授进一步顺延寄发有关主要及关连交易:有关项目公司之增资协议之通函之豁免,1034,0,2021-03-04 21:58:34
招商局置地(00978.HK)3月18日举行董事会会议以考虑及批准刊发全年业绩公告,468,0,2021-03-03 21:15:55
董事会会议日期及于开曼群岛之股份过户登记处更改地址,1089,0,2021-03-03 21:14:22
股份发行人的证券变动月报表,1279,0,2021-03-01 11:59:13
进一步顺延寄发有关主要及关连交易:有关项目公司之增资协议之通函,1102,0,2021-02-05 21:33:15
股份发行人的证券变动月报表,1264,0,2021-02-01 15:02:51
招商局置地：2020年预计归属于公司股东净利润同比减少约60%,579,0,2021-01-25 18:55:05
招商局置地2020年销售额达498.74亿，预期归母净利将同比减少60%,1492,0,
招商局置地去年销售额约499亿 预计归母净利减六成,549,0,2021-01-23 09:31:08
招商局置地：预计2020年归属股东净利润同比减少60%,424,0,2021-01-22 22:10:58
招商局置地：2020年合约销售金额498.74亿元 同比增33%,380,0,2021-01-22 22:10:57
招商局置地预计2020归母净利润同比降60%,437,0,2021-01-22 21:30:36
招商局置地2020年合同销售498.74亿元 同比增33%,404,0,2021-01-22 21:26:42
招商局置地(00978)2020年度合同销售总额约为498.74亿元 同比增长约33%,423,0,2021-01-22 21:13:09
招商局置地(00978)预期年度归母净利减少约60%,441,0,2021-01-22 21:09:22
盈利警告,785,0,2021-01-22 21:05:34
截至二零二零年十二月三十一日止年度之未经审核营运数据,571,0,2021-01-22 21:04:11
招商局置地(00978.HK)2020年销售额498.74亿元 同比增长33%,388,0,2021-01-22 21:03:55
股份发行人的证券变动月报表,1535,0,2021-01-04 15:41:24
有关租赁协议之补充公告,1032,0,2020-12-23 22:16:36
保利联合招商局置地开发广州琶洲宅地,665,0,2020-12-22 22:48:01
五矿地产联合招商局置地收购广州7.68万平商住地块,792,0,2020-12-21 16:23:57
主要交易: 有关开发秦淮地块之合营安排,1290,0,2020-12-18 17:16:33
主要交易: 有关成立合营公司之合作及开发协议,1290,0,2020-12-18 17:14:36
保利联手招商局置地共同开发广州琶洲宅地,599,0,2020-12-17 10:41:00
招商局置地：联合保利共同开发广州海珠区1宗商住用地,507,0,2020-12-17 09:55:36
招商局置地(00978)预计总投资约31.83亿元与保利发展控股集团合作以开发广州商住用地,591,0,2020-12-16 22:54:55
招商局置地：联合保利城市发展开发琶洲地块,616,0,2020-12-16 22:43:09
获授顺延寄发有关主要及关连交易:有关项目公司之增资协议之通函之豁免,1153,0,2020-12-16 22:39:17
关连交易:有关开发琶洲地块之合营安排,1187,0,2020-12-16 22:33:22
顺延寄发有关主要及关连交易:有关项目公司之增资协议之通函,415,0,2020-12-15 22:05:18
进一步顺延寄发有关主要交易: 有关成立合营公司之合作及开发协议之通函,459,0,2020-12-14 22:03:51
招商局置地：附属租赁重庆九龙坡区物业,768,0,2020-12-06 16:45:22
持续关连交易 - 租赁协议,457,0,2020-12-04 21:04:46
进一步顺延寄发有关主要交易:有关开发秦淮地块之合营安排之通函,460,0,2020-12-01 17:10:42
股份发行人的证券变动月报表,432,0,2020-12-01 15:14:29
补充公告,515,0,2020-11-26 22:03:14
于二零二零年十一月二十六日举行之股东特别大会表决结果,442,0,2020-11-26 17:01:24
招商局置地：与保利、新希望等合作开发南京地块,809,0,2020-11-25 23:16:55
招商局置地(00978)附属拟投资南京悦霖房地产以开发物业项目,527,0,2020-11-25 23:03:27
关连交易 - 有关开发2020G16南京地块之合营安排,428,0,2020-11-25 22:47:51
招商局置地：注资16.25亿元参与建设广东佛山地块项目,399,0,2020-11-25 10:03:34
招商局置地(00978-HK)逾16亿人民币参建佛山商住项目,454,0,2020-11-25 07:46:41
增资16.25亿 招商局置地入股保利佛山禅城商住项目,493,0,2020-11-25 00:05:02
招商局置地：为佛山禅城区地块项目公司增资16亿元,376,0,2020-11-24 20:50:31
招商局置地(00978)拟向佛山市清皓置业增资16.25亿元携手保利发展控股集团共同开发佛山商住用地,497,0,2020-11-24 20:48:05
主要及关连交易:有关项目公司之增资协议,401,0,2020-11-24 20:37:50
招商局置地：拟联合竞投重庆地块,402,0,2020-11-24 09:54:00
招商局置地：与江苏保利等公司合作开发南京地块,435,0,2020-11-24 09:36:19
招商局置地：与江苏保利等3家公司合作开发南京江北新区地块,554,0,2020-11-24 08:46:57
招商局置地(00978-HK)伙置地控股间接附属竞投重庆地块,481,0,2020-11-24 06:27:23
招商局置地(00978)附属拟透过项目公司合作开发2020G15南京地块,563,0,2020-11-24 06:25:07
招商局置地(00978)附属与重庆怡置分别出资1.88亿元及1.8亿元设竞投实体联合竞投重庆的地块,491,0,2020-11-24 06:24:53
招商局置地(00978-HK)间接非全资附属组合营开发南京地块,500,0,2020-11-24 06:19:54
关连交易 - 联合竞投合作框架协议,266,0,2020-11-24 06:12:07
关连交易 - 有关开发2020G15南京地块之合营安排,286,0,2020-11-24 06:08:40
顺延寄发有关主要交易:有关成立合营公司之合作及开发协议之通函,377,0,2020-11-18 21:34:21
二零二零年十一月二十六日(星期四)举行之股东特别大会适用之代表委任表格,349,0,2020-11-06 16:38:47
股东特别大会通告,387,0,2020-11-06 16:38:15
须予披露及关连交易:出售物业及股东特别大会通告,387,0,2020-11-06 16:37:10
股份发行人的证券变动月报表,417,0,2020-11-02 14:20:44
信置及嘉华等合组财团投得日出康城第13期,874,0,2020-10-31 12:36:55
招商局置地新动作 左手抛资产 右手与中国五矿联合拿地,584,0,2020-10-29 18:09:40
招商局置地：与中国五矿北京设立项目公司共同开发广州地块,663,0,2020-10-29 10:01:38
招商局置地(00978-HK)以逾7.9亿人民币售南京信盛商业管理,541,0,2020-10-29 06:18:50
招商局置地(00978-HK)拟伙五矿北京参与收购广州地上项目,595,0,2020-10-29 06:18:49
须予披露交易 ― 出售一间附属公司之股权,383,0,2020-10-29 06:09:58
主要交易:有关成立合营公司之合作及开发协议,388,0,2020-10-29 06:08:22
招商局置地：前九月合同销售330.21亿元 完成年度目标的99.46%,796,0,2020-10-14 17:10:32
招商局置地第三季合同销售总额按年升约29%至133亿人民币,538,0,2020-10-14 16:51:03
招商局置地(00978)前三季合同销售总额约330.21亿元 同比增26%,538,0,2020-10-14 16:39:18
招商局置地：前9月合同销售额约330.21亿元 同比增26%,522,0,2020-10-14 16:36:34
截至二零二零年九月三十日止九个月之未经审核营运数据,462,0,2020-10-14 16:34:12
股份发行人的证券变动月报表,493,0,2020-10-05 11:12:22
2020 中期报告,552,0,2020-09-25 16:53:24
招商局置地7.94亿转让南京信盛全部股权,467,0,2020-09-23 10:46:18
招商局置地拟7.9亿元转让南京信盛商业100%股权,482,0,2020-09-22 10:59:55
招商局置地7.94亿挂牌转让南京信盛商管100%股权,427,0,2020-09-21 23:35:00
招商局置地挂牌转让南京信盛商管100%股权 底价7.94亿元,496,0,2020-09-21 10:27:58
开曼群岛主要股份过户登记总处更改名称,507,0,2020-09-15 12:06:36
招商局置地附属拟5.27亿元出售位于广州的物业,536,0,2020-09-14 18:42:12
招商局置地5.27亿元出售广州番禺6栋大厦及地库,541,0,2020-09-14 11:12:36
招商局置地：拟5.27亿元出售位于广州番禺区物业,570,0,2020-09-14 09:32:30
招商局置地逾5亿人币售番禺物业 料收益1.3亿人币,510,0,2020-09-14 08:49:03
招商局置地(00978)附属拟5.27亿元出售位于广州的物业,560,0,2020-09-13 18:23:47
须予披露及关连交易 - 出售物业,546,0,2020-09-13 18:15:20
进一步延迟寄发有关主要交易:有关开发秦淮地块之合营安排之通函,464,0,2020-09-11 22:34:05
股份发行人的证券变动月报表,427,0,2020-09-01 17:11:44
招商局置地：2020年上半年融资成本2.94亿元 同比增35%,716,0,2020-08-21 17:27:52
招商局置地：上半年每股基本盈利1.69分 同比减少83%,648,0,2020-08-21 17:27:24
招商局置地：上半年净利润1.67亿元 同比下降68.26%,576,0,2020-08-21 17:27:08
招商局置地：上半年毛利下降约7% 毛利率下降4个百分点,667,0,2020-08-21 17:26:53
招商局置地中期业绩增收不增利：营业额同比增加约3%溢利下降约69%,3635,0,
招商局置地中期业绩增收不增利：营业额同比增加约3%溢利下降约69%,587,0,2020-08-20 16:39:16
招商局置地(00978)中期溢利8286万人民币跌逾83% 不派息,571,0,2020-08-20 13:28:43
结转收入大幅减少 招商局置地上半年净利润同比降68%,649,0,2020-08-19 21:58:48
招商局置地：上半年溢利1.68亿元 同比下降约69%,636,0,2020-08-19 21:04:05
招商局置地上半年营业额29.81亿 溢利同比下降约69%,565,0,2020-08-19 20:27:16
招商局置地(00978)中期股东应占溢利同比减少83.13%至8286.1万元,502,0,2020-08-19 20:06:00
截至二零二零年六月三十日止六个月之中期业绩公告,417,0,2020-08-19 19:44:20
8月11日港股通资金流向统计(T+2),12012,3,2020-08-11 07:33:07
董事会会议日期,385,0,2020-08-07 16:36:59
地产股收盘 恒指收跌0.69% 兴业物联收涨23.38%,7071,0,2020-08-06 16:22:47
股份发行人的证券变动月报表,389,0,2020-08-03 16:28:42
315晚会曝光问题楼盘 涉及万科、招商、远洋集团,1567,2,2020-07-17 10:42:10
话企｜资产腾挪频繁，招商局置地转型陷迷雾,6339,0,
资产腾挪频繁 招商局置地转型陷迷雾,1081,0,2020-07-14 20:27:14
招商局置地：料净利润同比降69% 前6月销售197亿完成年目标59.3%,1688,0,
招商局置地：料净利润同比降69% 前6月销售197亿完成年目标59.3%,609,0,2020-07-14 13:42:34
招商局置地料中期净利润下跌69% 股价跌2.19%,622,0,2020-07-14 12:13:22
招商局置地半年合约销售近197亿元,694,0,2020-07-14 10:24:38
《异动股》招商局置地(978)挫近3% 料中期净利润跌六成九,606,0,2020-07-14 10:10:03
招商局置地半年合约销售197亿元,1970,0,
招商局置地半年合约销售197亿元 但净利润料同比降69%,644,0,2020-07-13 22:45:49
招商局置地(00978)中期归母净利预减80%,558,0,2020-07-13 22:23:31
招商局置地：前6月合约销售金额196.77亿元 同比增24%,572,0,2020-07-13 22:20:03
招商局置地：预计上半年归属股东净利润同比减少80%,757,0,2020-07-13 22:17:12
招商局置地(00978.HK)上半年销售额196.77亿元 同比增长24%,535,0,2020-07-13 21:22:54
招商局置地：上半年合同销售196.77亿元 同比增长24%,607,0,2020-07-13 21:09:46
招商局置地(00978)二季度合同销售总额149.2亿元 同比增长51%,638,0,2020-07-13 20:21:08
盈利警告,393,0,2020-07-13 20:15:53
截至二零二零年六月三十日止六个月之未经审核营运数据,396,0,2020-07-13 20:14:24
延迟寄发有关主要交易:有关开发秦淮地块之合营安排之通函,334,0,2020-07-09 20:14:12
2019环境、社会及管治报告,359,0,2020-07-07 16:57:37
招商局置地拟出让南京子公司100%权益，底价暂未披露,1958,0,
招商局置地拟挂牌转让南京信盛100%股权 未披露转让底价,575,0,2020-07-06 13:57:33
招商局置地拟出让南京子公司100%权益 底价暂未披露,575,0,2020-07-06 13:24:11
招商局置地出让南京子公司100%权益 后者总资产7.35亿元,543,0,2020-07-06 13:00:23
招商局置地转让西安一项目部分股权 当地项目曾陷“口碑”风波,1134,0,2020-07-04 17:56:34
股份发行人的证券变动月报表,338,0,2020-07-02 15:33:34
于二零二零年六月三十日举行之股东特别大会表决结果,332,0,2020-06-30 19:03:48
招商局置地42.35亿入股华发南京项目 持股45%,596,0,2020-06-17 17:30:29
招商局置地(00978)附属拟参设合营开发秦淮地块,501,0,2020-06-17 05:30:25
华发南京地块邀招商局置地入股 出资42.35亿合作开发秦淮项目,806,0,2020-06-16 23:37:59
招商局置地(00978.HK)设合营开发秦淮地块,735,0,2020-06-16 22:57:45
主要交易: 有关开发秦淮地块之合营安排,475,0,2020-06-16 22:45:52
二零二零年六月三十日举行之股东特别大会适用之代表委任表格,408,0,2020-06-11 16:44:18
股东特别大会通告,375,0,2020-06-11 16:44:04
须予披露及关连交易 - 收购南京信盛之股权及股东特别大会通告,376,0,2020-06-11 16:38:12
招商局置地4.12亿元竞得重庆市两江新区一宗居住用地 溢价率15.34%,641,0,2020-06-09 13:53:18
进一步延迟寄发通函,405,0,2020-06-05 18:33:41
关注分红款除权已经那么长时间了什么时候才能到帐,488,0,2020-06-03 13:32:36
须予披露交易:有关视作出售一间附属公司之股权之补充公告,397,0,2020-06-02 21:04:13
股份发行人的证券变动月报表,418,0,2020-06-01 15:25:11
招商局置地(00978)涨超9%创四个月新高 附属西安招商嘉时房地产获增资4.8亿元,547,0,2020-06-01 15:13:25
招商置地(00978)升逾9% 报1.2元,526,0,2020-06-01 14:54:06
招商局置地(00978-HK)陕西项目引入华侨城为股东,2165,0,2020-05-29 05:33:54
华侨城4.8亿收购招商局置地西安项目49%权益,2034,0,2020-05-28 21:13:20
招商局置地：4.8亿元转让西安高新区项目49%股权给华侨城,2324,3,2020-05-28 18:21:17
招商局置地旗下公司出售附属公司49%股权,757,0,2020-05-28 18:32:10
招商局置地(00978)附属西安招商嘉时房地产获增资4.8亿元,650,0,2020-05-28 18:13:20
须予披露交易:视作出售一间附属公司之股权,399,0,2020-05-28 18:01:35
鸿宝能源市盈率0.63。更是变态。,452,1,2020-05-24 21:57:09
这，这分红能达到13%，也没了。香港股票真是违常理的存在。保利置地，合生创展，这,491,1,2020-05-24 21:51:54
招商局置地7.94亿元ABS获深交所受理,544,0,2020-05-21 14:03:58
于二零二零年五月二十日举行的股东周年大会表决结果,337,0,2020-05-20 18:12:22
延迟寄发通函,379,0,2020-05-19 18:58:06
看好,542,0,2020-05-08 10:27:48
股份发行人的证券变动月报表,379,0,2020-05-04 16:47:33
招商局置地4.66亿元人币全拥南京信盛,767,0,2020-04-28 08:34:09
招商局置地收购南京信盛剩余58.66%股权 代价4.66亿元,694,0,2020-04-27 21:52:32
招商局置地(00978)附属深圳招商斥4.66亿收购南京信盛余下58.66%股权,690,0,2020-04-27 21:05:52
招商局置地(00978.HK)拟3.89亿元向控股股东收购南京信盛余下49%股权,694,0,2020-04-27 20:42:12
须予披露及关连交易 - 收购南京信盛之股权收,408,0,2020-04-27 20:30:36
公告 - 与股东周年大会通函及重选董事有关的补充资料,380,0,2020-04-24 16:46:48
二零二零年五月二十日举行之股东周年大会适用之经修订代表委任表格,1406,0,2020-04-17 16:56:11
股东周年大会通告,1387,0,2020-04-17 16:54:18
建议授出购回股份及发行本公司新股份之一般授权、建议重选本公司退任董事、建议自股份溢价账派付末期股息及股东周年大会通告,1388,0,2020-04-17 16:50:18
年报2019,1515,0,2020-04-17 16:45:45
招商局置地2020一季度合同销售额同比降20.1%,587,0,2020-04-15 18:34:07
招商局置地一季度销售47.58亿 同比降20%,622,0,2020-04-14 17:39:59
招商局置地(00978)第一季度合同销售额47.58亿元 同比下降20.1%,500,0,2020-04-14 17:01:11
招商局置地：前3月合同销售总额约47.58亿元 同比下降20.1%,644,0,2020-04-14 16:50:13
截至二零二零年三月三十一日止三个月之未经审核营运数据,1742,0,2020-04-14 16:46:42
表现在上涨,517,0,2020-04-14 11:17:48
2019年房企下调销售目标 2020年房价走势如何？,1790,0,2020-04-08 13:21:04
股份发行人的证券变动月报表,5565,0,2020-04-01 15:50:53
年度净利润同比增47.56%至17.94亿元 招商局置地(00978)大涨近10%,720,0,2020-03-30 17:54:48
招商局置地余志良：疫情对货值整体节奏影响较小,964,0,2020-03-30 15:43:21
招商局置地余志良：资管业务相对于传统业务盈利贡献较小,944,0,2020-03-30 15:42:27
招商局置地余志良：全年目标下调至332亿元,886,0,2020-03-30 15:18:10
招商局置地：销售目标下调后 2020年土地投资料约100亿,760,0,2020-03-30 15:15:28
招商局置地(00978)去年纯利升48%  派息14港仙,698,0,2020-03-30 14:42:58
招商置地升近11% 报1.14元,490,0,2020-03-30 14:19:19
招商局置地：2019年归属股东净利润17.94亿元 同比增47.56%,501,0,2020-03-30 14:06:42
招商局置地谈不竞争协议：仍会继续在重庆西安发展,725,0,2020-03-30 13:31:02
招商局置地飙近一成一 末期息增75%,719,0,2020-03-30 10:33:00
截至二零一九年十二月三十一日止年度全年I公告,6891,0,2020-03-28 11:48:09
招商局置地：2019年合约销售面积同比增长21% 销售均价同比减少10%,647,0,2020-03-27 23:07:49
招商局置地2019年归属股东净利润17.94亿元 同比增加约48%,761,0,2020-03-27 21:04:22
招商局置地(00978)年度股东应占溢利增47.56%至17.94亿元 每股派0.14港元,591,0,2020-03-27 20:33:50
截至二零一九年十二月三十一日止年度全年业绩公告,2893,0,2020-03-27 20:12:22
补充公告 - 有关房托基金管理服务与招商蛇口之持续关连交易,6381,0,2020-03-25 22:46:33
可以呀,423,0,2020-03-18 11:39:13
董事会会议日期,10775,0,2020-03-17 18:17:10
这垃圾涨的时候不涨，跌的时候一点都不含糊。有病,484,0,2020-03-13 11:51:45
收0.90,442,0,2020-03-13 10:47:52
股份发行人的证券变动月报表,21021,0,2020-03-02 15:12:51
招商地产值得上车吗,466,0,2020-02-28 10:55:04
主要交易:提供担保,1315,0,2020-02-12 16:32:31
进一步顺延寄发通函,14217,0,2020-02-05 16:36:49
股份发行人的证券变动月报表,5100,0,2020-02-03 15:01:06
招商局置地：1.6亿元竞得西安1宗商业用地,769,0,2020-01-20 09:08:42
招商局置地斥1.6亿元人币购西安第二幅商业地,820,0,2020-01-20 08:57:27
招商局置地：1.6亿摘西安一宗商地 成交均价8125元/平米,1075,0,2020-01-19 19:32:04
招商局置地(00978)附属逾1.6亿元投得一陕西西安国际港务区地块使用权,1191,0,2020-01-19 19:31:18
招商局置地1.6亿西安落子 成交均价8125元/平米,1047,0,2020-01-19 19:30:30
须予披露交易 - 进一步收购于中国西安市之土地使用权,4734,0,2020-01-19 18:46:32
盈喜VS盈警、公司续公布2019年度数据、一间公司延派息,15018,0,
招商局置地：2019年合约销售金额376.33亿元 同比增9%,1088,0,2020-01-11 16:20:48
招商局置地2019年合同销售576.33亿 同比微增长9%,1017,0,2020-01-11 14:17:17
招商局置地：2019合同销售约376.33亿元 同比增9%,814,0,2020-01-10 20:11:06
招商局置地(00978)2019年度合同销售额同比增9%至376.33亿元,986,0,2020-01-10 20:05:17
截至二零一九年十二月三十一日止年度之未经审核营运数据,3367,0,2020-01-10 19:42:26
获授顺延寄发通函之豁免,3320,0,2020-01-10 19:40:15
顺延寄发通函,3317,0,2020-01-09 19:32:03
五矿地产(00230-HK)与招商局置地(00978-HK)一起发展广州住宅地,1052,0,2020-01-09 16:37:10
插氧气啊,676,0,2020-01-09 13:56:16
上市公司公布：刘炽平做了一件事、24岁的投资者,17940,0,
招商局置地与五矿盛世广业订立增资协议 合作开发黄埔地块,1041,0,2020-01-09 00:25:20
招商局置地注资200万元与五矿地产合作开发广州黄埔宅地,1285,0,2020-01-09 00:06:31
业务发展最新情况,666,0,2020-01-08 22:44:26
大套子,418,0,2020-01-08 14:03:26
招商蛇口存量平台互益优势凸显，招商局置地业绩预增,7774,0,
招商局置地(0978.HK)：发布盈喜公告，业绩向好或驱动价值回归加速,44152,0,
招商局置地大涨9% 预计2019年度纯利增长不低于35%,865,0,2020-01-07 10:02:21
发盈喜 预期全年纯利同比增超35% 招商局置地(00978)早盘高开5.69%,645,0,2020-01-07 09:41:55
多间内房大佬交出亮丽数据、2间内汽去年销售各抢眼？,5668,0,
招商局置地盈喜 料2019年溢利同比增幅超过35%,7111,0,
招商局置地盈喜 料2019年溢利同比增幅超过35%,906,0,2020-01-06 22:04:23
招商局置地(00978)预期年度股东应占溢利同比增加不低于35%,755,0,2020-01-06 21:45:50
招商局置地(00978.HK)年度净利同比预增不低于35%,671,0,2020-01-06 21:31:04
正面盈利预告,3557,0,2020-01-06 20:59:41
招商局置地(00978-HK)出资9.17亿人民币合作开发南京建邺区地块,737,0,2020-01-02 16:39:31
股份发行人的证券变动月报表,5432,0,2020-01-02 15:53:22
招商局置地斥逾9亿人民币投资南京住宅项目33%股权,695,0,2020-01-02 08:39:36
招商局置地：与保利江苏及漳州轩悦合作开发南京一地块,1640,0,2019-12-31 20:48:14
招商局置地与保利江苏等合作开发南京建邺区一宗宅地,1362,0,2019-12-31 20:13:05
招商局置地(00978.HK)拟设合营开发南京地块,757,0,2019-12-31 18:58:36
招商局置地(00978)附属拟9.17亿元参设合营合作开发南京建邺区一地块,686,0,2019-12-31 18:55:04
关连交易:关于土地开发的合营安排,1307,0,2019-12-31 18:36:21
招商局置地：为佳侨有限公司52.73亿港元融资提供担保,1114,0,2019-12-17 10:23:04
招商局置地拟为信和置业合资公司52.73亿港元融资担保,1360,0,2019-12-16 21:50:44
招商局置地(00978)与其他合营伙伴为佳侨52.73亿港元银行融资提供相应比例担保,900,0,2019-12-16 21:37:31
招商局置地(00978)与其他合营伙伴共同为佳侨52.73亿港元银行融资提供担保,755,0,2019-12-16 21:26:50
招商局置地(00978.HK)为合营佳侨最高52.73亿港元融资提供担保,746,0,2019-12-16 21:16:37
主要交易 - 提供担保,571,0,2019-12-16 20:53:17
招商局置地开展房地产投资信托管理业务,1152,0,2019-12-10 17:58:26
招商局置地：招商局房托基金在联交所上市,781,0,2019-12-10 16:55:08
招商局置地(00978.HK)开展房地产投资信托管理业务,807,0,2019-12-10 16:54:46
招商局置地(00978)开展房地产投资信托管理业务,686,0,2019-12-10 16:46:27
自愿公告 - 开展房地产投资信托管理业务,496,0,2019-12-10 16:38:09
招商局商业房托今日港股上市 股价破发,965,0,2019-12-10 13:09:21
这点交易额都不够维持公司证券部门发工资的,552,0,2019-12-06 10:17:06
招商局商业房托IPO 打破香港REITs市场六年沉寂,8539,1,
招商局商业房托IPO，打破香港REITs市场六年沉寂,9775,0,
股份发行人的证券变动月报表,434,0,2019-12-02 17:34:24
招商局商业房托基金(01503.HK)招股中 国际配售已获超额认购,48591,0,
内地REITs破局维艰：第3家绕道香港，5项物业估值67.8亿元,7857,0,
招商局置地(00978)：发售基金单位完成后 招商蛇口将成为招商局房托基金单位持有人,1455,0,2019-11-28 21:37:14
关连交易 - 与招商蛇口之持续关连交易内容有关房托基金管理服务,577,0,2019-11-28 21:03:23
首单央企房地产信托基金亮相招商房托基金引领REITs新时代,6484,0,
招商房托基金亮相 管理层透露还有三个潜在物业待注入,2196,1,2019-11-28 00:03:00
招商房托基金过聆讯 将成港交所第11只REITs,779,0,2019-11-14 15:36:42
于二零一九年十一月八日举行之股东特别大会表决结果,718,0,2019-11-08 19:07:03
股份发行人的证券变动月报表,747,0,2019-11-01 16:13:09
今天上午,1501,3,2019-10-25 12:08:30
招商局置地(00978)与招商蛇口订立不竞争契据,2281,0,2019-10-21 18:00:26
二零一九年十一月八日举行之股东特别大会适用之代表委任表格,590,0,2019-10-21 18:06:42
股东特别大会通告,749,0,2019-10-21 18:01:45
关连交易:就股东特别大会暂停办理股份过户登记手续,556,0,2019-10-21 17:59:10
关连交易:经重新修订及重列之不竞争契据及股东特别大会通告,617,0,2019-10-21 17:56:38
关连交易:经重新修订及重列之不竞争契据,560,0,2019-10-21 17:52:22
招商局置地(00978)前9个月合同销售总额同比增长约19%至261.45亿元,1067,0,2019-10-14 17:02:20
招商局置地首九个月合同销售额升约19％,1042,0,2019-10-14 17:00:26
招商局置地：前9月累计合同销售总额约261.45亿元 同比增19%,1412,0,2019-10-14 16:46:02
招商局置地前9月合同销售增长19%至261.45亿元,843,0,2019-10-14 16:36:50
截至二零一九年九月三十日止九个月之未经审核营运数据,721,0,2019-10-14 16:35:01
股份发行人的证券变动月报表,1148,0,2019-10-02 14:19:53
2019 中期报告,1025,0,2019-09-25 17:01:51
招商局置地(00978-HK)收购西安国际港务区内商业用地土地使用权,1428,0,2019-09-23 14:50:07
招商局置地：1.42亿元成功竞得西安市一商业用地,1628,0,2019-09-23 10:23:59
招商局置地拨付7.06亿收购西安一宗商地 总建面不超11.16万平,1146,0,2019-09-23 09:43:01
招商局置地：1.42亿元竟得西安国际港务区商业用地,1666,0,2019-09-23 08:05:13
招商局置地(00978)附属以1.416亿元投得西安一商业用地的土地使用权,1216,0,2019-09-23 07:25:09
招商局置地(00978.HK)附属斥1.42亿元收购西安一商业地块,1213,0,2019-09-23 07:20:52
须予披露交易 ― 收购于中国西安市之土地使用权,923,0,2019-09-23 07:12:46
招商房托基金港股IPO 房托管理人为招商局置地,2536,0,2019-09-03 20:29:44
招商局置地(00978-HK)拟扩展其业务至房地产投资信托管理,1346,0,2019-09-03 14:32:32
招商局置地：将开展房地产投资信托管理业务,1506,0,2019-09-03 13:16:41
由招商局置地(00978)分拆上市 招商房托基金申请港交所主板上市,1740,0,2019-09-03 10:57:43
招商局置地拟分拆房托基金上市 或涉写字楼物业,1934,0,2019-09-03 09:34:54
招商局置地：拟开展房地产投资信托管理业务,1225,0,2019-09-03 08:10:52
自愿公告 - 建议开展房地产投资信托管理业务,1289,0,2019-09-03 06:16:03
股份发行人的证券变动月报表,928,0,2019-09-02 15:34:16
招商局置地：少数股东权益占比大 不竞争契约致布局受限,1737,0,2019-08-20 16:38:41
一图看懂招商局置地(00978.HK)2019年中期业绩,36454,0,
一图看懂招商局置地(00978.HK)2019年中期业绩,1466,0,2019-08-20 13:37:09
招商局置地上半年营业收入29.05亿元，已连续两年下滑,3029,0,
招商局置地：上半年负债总计554.56亿元 同比增加26.94%,1429,0,2019-08-19 18:55:35
招商局置地：上半年资产总计815.79亿元 负债总计554.56亿元,1921,0,2019-08-19 18:55:19
招商局置地中期营收29.05亿元 同比下降约11%,1435,0,2019-08-19 18:37:52
招商局置地：上半年实现合同销售总额158.3亿元 同比增长9%,1160,0,2019-08-19 18:18:46
招商局置地：累计可售建筑面积约501.2万平方米,1228,0,2019-08-19 18:18:34
招商局置地：上半年净利润5.28亿元 同比下降35%,1270,0,2019-08-19 18:03:43
招商局置地中期纯利按年升15% 不派中期息,1225,0,2019-08-19 17:58:01
招商局置地(00978.HK)中期股东应占溢利增长15%至4.91亿元,1215,0,2019-08-19 17:52:40
截至二零一九年六月三十日止六个月之中期业绩公告,1127,0,2019-08-19 17:51:13
招商局置地(00978)上半年股东应占溢利同比增15%至4.9亿元,1069,0,2019-08-19 17:49:41
招商局置地(00978.HK)8月19日举行董事会会议 审核中期业绩,1573,0,2019-08-09 21:29:36
董事会会议日期,1396,0,2019-08-09 21:24:52
股份发行人的证券变动月报表,970,0,2019-08-05 13:47:15
00976，全球龙头,1402,4,2019-05-31 15:12:35
“抱团开发”热再现 招商局置地等三房企入股保利广州白云地块,3129,0,2019-07-22 22:23:07
招商局置地：与中铁建及广东保利等合作开发广州住宅地,3542,0,2019-07-22 18:18:29
招商局置地与保利、金茂、中铁合营开发广州一宗宅地 占股25%,3682,0,2019-07-22 13:04:36
关连交易:关于土地开发的合营安排,1260,0,2019-07-21 19:03:57
招商局置地上半年销售额158.3亿元 同比增长约9%,1495,0,2019-07-11 22:16:38
招商局置地：前6月合同销售总额158.3亿元 同比增9%,1381,0,2019-07-11 21:09:40
招商局置地(00978)上半年合同销售额同比增9%至158.3亿元,1409,0,2019-07-11 20:46:20
招商局置地：前6月合约销售金额158.30亿元 同比增长约9%,1845,0,2019-07-11 20:42:09
截至二零一九年六月三十日止六个月之未经审核营运数据,1243,0,2019-07-11 20:34:46
股份发行人的证券变动月报表,1007,0,2019-07-02 14:39:29
招商局置地夥广州君堂发展白云区地皮项目,1315,0,2019-07-02 13:17:05
招商局置地入股龙湖广州白云地块 将联合开发项目,10653,0,2019-07-01 21:48:38
招商局置地(00978)与广州君堂成立合营共同开发白云地块,1320,0,2019-07-01 21:22:41
须予披露交易: 有关开发白云地块之合营安排,1163,0,2019-07-01 21:00:01
招商局置地与龙湖联合开发广州白云地块 项目持股分别为50.1%及49.9%,1704,0,2019-07-01 20:13:52
招商局置地：出资10.33亿元 与龙湖共同开发广州白云区宗地,1388,0,2019-07-01 20:08:38
懂事高管工资,1272,0,2019-06-30 08:54:08
2018环境、社会及管治报告,1056,0,2019-06-25 11:16:11
更改香港股份过户登记分处地址,1168,0,2019-06-17 12:50:37
金茂出售、增资8项目股权 京沪占了5个,3102,0,2019-06-13 14:51:12
惨痛！央企开发商连抛4家公司！下半年买房你千万别越买越错！,18391,2,
招商局置地：与一家银行签订10亿元贷款融资协议 贷款期限3年,1103,0,2019-06-11 10:36:59
招商局置地获一笔10亿元承诺性定期贷款额度 期限3年,1410,0,2019-06-11 00:52:29
招商局置地(00978)获不超过10亿元的承诺性定期贷款,1203,0,2019-06-10 21:37:26
招商局置地(00978.HK)获得不超10亿元贷款,1088,0,2019-06-10 21:11:26
根据上市规则第13.18条之披露,956,0,2019-06-10 21:08:35
获批母企资产注入，招商局置地(00978.HK) 启动资产管理新时代,13.7万,0,
获批母企资产注入  招商局置地(00978.HK) 启动资产管理新时代,1562,0,2019-06-10 09:12:13
于二零一九年六月六日举行之股东特别大会表决结果,1409,0,2019-06-06 19:15:42
招商局置地为重庆依云4亿元三年期授信提供担保,1227,0,2019-06-04 19:54:16
股份发行人的证券变动月报表,810,0,2019-06-04 12:20:57
招商局置地：徐建峰辞任公司秘书 吴昊获委任,1294,0,2019-06-03 11:24:52
吴昊接替徐建峰获任招商局置地(00978)公司秘书,1703,0,2019-06-01 15:53:58
招商局置地公司秘书徐建峰辞任 吴昊接替,1803,0,2019-05-31 23:34:16
更换公司秘书,1391,0,2019-05-31 22:55:29
招商局置地：1.55亿元收购火炬投资剩余30%股权,1357,0,2019-05-31 11:03:29
招商局置地斥1.55亿元人民币全拥江苏省3地皮,1364,0,2019-05-31 09:04:36
招商局置地1.55亿元全购江苏句容三处地块,2028,0,2019-05-30 23:33:22
招商局置地(00978.HK)拟1.55亿元收购火炬投资30%股份,1378,0,2019-05-30 22:01:56
招商局置地(00978)拟1.55亿元收购火炬投资余下30%权益,1432,0,2019-05-30 21:52:05
关连交易:收购一间非全资附属公司之股权,1189,0,2019-05-30 21:38:57
招商局置地注资超2亿 与金茂、中梁开发浙江一地块,1544,0,2019-05-28 14:22:37
招商局置地(00978-HK)参与中国金茂(00817-HK)浙江省商住地发展项目,1899,0,2019-05-28 11:59:57
招商局置地斥资逾1亿元购浙江瑞安市地皮近两成半股权,1347,0,2019-05-28 09:38:00
招商局置地注资2.27亿元 与金茂、中梁开发浙江瑞安商住地,2300,0,2019-05-28 00:30:10
招商局置地收购中国金茂项目公司24.5%股份 参与开发浙江瑞安地块,2845,0,2019-05-27 23:24:28
招商局置地(00978.HK)拟收购瑞安佳茂置业24.5%权益  参与开发浙江瑞安地块,2437,0,2019-05-27 23:16:02
招商局置地(00978)拟入股裕昌投资携手中国金茂(00817)共同开发瑞安市商住用地,2256,0,2019-05-27 22:52:24
须予披露交易:投资瑞安佳茂置业有限公司,1381,0,2019-05-27 22:36:54
二零一九年六月六日(星期四)举行之股东特别大会适用之代表委任表格,1491,0,2019-05-17 16:52:00
(1) 须予披露及关连交易 ― 收购基金之有限合伙企业之权益及(2) 股东特别大会通告,1461,0,2019-05-17 16:51:50
股东特别大会通告,1594,0,2019-05-17 16:51:43
招商局置地获8亿港元贷款额度,1691,0,2019-05-09 23:16:40
招商局置地(00978)获提供不超过8亿港元贷款,1733,0,2019-05-09 22:47:03
招商局置地(00978.HK)获授不超8亿港元非承诺性循环贷款额度,1895,0,2019-05-09 22:33:23
根据上市规则第13.18条之披露,1633,0,2019-05-09 22:06:50
股份发行人的证券变动月报表,1576,0,2019-05-06 14:58:31
于“乱市”中安稳立足，招商局置地频合作要拿地起舞？,6238,0,
本地地产股回吐 信置、恒地各挫2％,3690,0,2019-04-26 16:11:10
招商局置地投得日出康城第11期项目 约占三成权益,2068,0,2019-04-26 10:17:15
招商局置地联合信和置业、嘉华入标香港日出康城11期项目,3950,0,2019-04-25 23:51:39
招商局置地(00978.HK)：佳侨成功投得香港物业发展项目,2005,0,2019-04-25 22:50:23
公告 - 竞投香港物业发展项目,1744,0,2019-04-25 22:41:33
招商局置地(0978.HK)通过派付2018年股息 股息率约6%,2329,0,2019-04-25 08:48:40
于二零一九年四月二十四日举行的股东周年大会表决结果,1760,0,2019-04-24 22:58:01
招商局签深海科技城项目 碧桂园、华侨城各投百亿旅游项目,8815,1,2019-04-22 04:00:12
招商局置地发澄清公告 拟重选苏树辉为执行董事,2948,0,2019-04-18 23:21:56
二零一九年四月二十四日(星期三)举行之股东周年大会适用之经修订代表委任表格,1917,0,2019-04-18 22:48:09
澄清公告,1950,0,2019-04-18 22:39:34
招商局置地(00978.HK)获授不超10亿元循环贷款,2281,0,2019-04-17 00:57:19
招商局置地(00978)签订不超过10亿元的循环贷款融资协议,2142,0,2019-04-16 22:06:06
招商局置地获一家银行10亿元循环贷款额度,3095,0,2019-04-16 21:59:33
根据上市规则第13.18条之披露,1869,0,2019-04-16 21:35:23
招商局置地（0978.HK）：首季销售逆势向好 高预售低负债助力高增长,35661,0,
招商局置地（0978.HK）：首季销售逆势向好 高预售低负债助力高增长,2210,0,2019-04-15 13:59:13
招商局置地联手五矿地产共同开发黄埔地块 持股比例为49%和51%,2896,0,2019-04-11 21:49:26
五矿地产引入招商局置地参与开发广州黄埔宗地 后者持股比例占49%,2658,0,2019-04-11 18:56:51
招商局置地(00978.HK)联手五矿地产合资开发黄埔地块  持股49%,2766,0,2019-04-11 18:49:38
五矿地产拟引入招商局置地 共同开发广州黄埔区住宅用地,2880,0,2019-04-11 18:12:17
须予披露交易: 有关开发黄埔地块之合营安排,1730,0,2019-04-11 00:00:00
感人的 时间就是金钱 效率就是生命,1699,0,2019-04-09 15:02:16
招商局置地(00978.HK)1月-3月合同销售总额同比上升11%至59.57亿元,2219,0,2019-04-08 15:49:39
招商局置地(00978)一季度合同销售额增11%至59.57亿元,2082,0,2019-04-08 15:48:33
招商局置地：一季度销售额同比增11%至59.6亿元,2102,0,2019-04-08 15:43:32
招商局置地：一季度合同销售额同比上升11%,2064,0,2019-04-08 15:40:18
招商局置地：前3月合约销售金额59.57亿元 同比增11%,2154,0,2019-04-08 14:23:39
招商局置地一季度合同销售同比升11%至59.57亿元,3284,0,2019-04-08 13:57:33
招商局置地一季度合同销售总额约59.6亿元 北京上海50亿元写字楼资管有序推进,3634,0,2019-04-08 13:35:05
招商局置地前三个月销售业绩同比增长11%至59.57亿元,2156,0,2019-04-08 10:35:41
招商局置地首季销售额按年上升11%,2199,0,2019-04-08 08:47:27
截至二零一九年三月三十一日止三个月之未经审核营运数据,1982,0,2019-04-08 07:15:26
延迟寄发通函,2204,0,2019-04-04 22:51:11
年报2018,781,0,2019-04-04 17:01:26
股份发行人的证券变动月报表,1789,0,2019-04-02 11:07:35
招商局置地(0978.HK)涨超5% 共获14亿人币贷款融资,2220,0,2019-04-01 13:24:26
招商局置地获得两笔共14亿元银行贷款 期限均为三年,3313,0,2019-03-29 00:23:49
招商局置地(00978)向银行贷款融资14亿元,2423,0,2019-03-28 22:49:42
招商局置地(00978.HK)获授合计14亿元定期贷款,2360,0,2019-03-28 22:43:38
根据上市规则第13.18条之披露,1934,0,2019-03-28 22:18:31
招商局置地：短期偿债风险激增 在手现金约65亿元,5676,0,2019-03-25 00:29:44
二零一九年四月二十四日(星期三)举行之股东周年大会适用之代表委任表格,2257,0,2019-03-21 22:10:47
股东周年大会通告,1857,0,2019-03-21 22:07:28
建议授出购回股份及发行本公司新股份之一般授权、建议重选本公司退任董事、建议自股份溢价账派付末期股息及股东周年大会通告,2084,0,2019-03-21 22:04:30
招商局置地（0978.HK）： 传统业务预售账款翻番，资管业务带来新增长点,50332,0,
花旗：升招商局置地目标价至1.47港元 评级“买入”,5481,0,2019-03-19 10:59:45
花旗：升招商局置地(00978)目标价 评级“买入”,3514,0,2019-03-19 10:58:48
招商局置地末期息8港仙,4028,0,2019-03-18 15:22:54
招商局置地：拟3.69亿收购北京上海三处物业,5067,0,2019-03-18 10:50:45
招商局置地（978.HK）：销售大幅增长，母企注资资管规模50亿,37434,1,
招商局置地去年纯利跌逾25％ 派末期息0.1港元,3297,0,2019-03-18 08:22:00
招商局置地3.69亿向股东收购北京上海三宗商业资产权益,4843,1,2019-03-17 21:01:14
招商局置地（978.HK）：销售大幅增长 母企注资资管规模50亿,5256,1,2019-03-17 19:43:14
招商局置地(00978.HK)附属斥3.69亿元收购位于北京上海的三处物业,4154,0,2019-03-17 20:37:14
招商局置地(00978)拟3.7亿元收购京沪物业权益,3814,0,2019-03-17 20:18:21
须予披露及关连交易 ― 收购基金之有限合伙企业之权益及关连交易 ― 收购资产管理公司之权益,2061,0,2019-03-17 18:49:37
招商局置地2018年净利润22.06亿元 同比减少约25%,4143,0,2019-03-16 14:53:11
招商局置地(00978.HK)拟派末期息每股0.08港元,5026,0,2019-03-16 05:22:44
招商局置地2018年营业额减少30.93%至120亿,5055,0,2019-03-16 03:07:40
招商局置地2018年营收119.6亿 美的置业净利预增70%,6026,0,2019-03-16 02:41:37
招商局置地(00978.HK)拟派末期息每股0.08港元 股息率6.35%,5569,0,2019-03-16 00:38:09
招商局置地2018营收119.56亿 净利同比减少25.76%至12.16亿,3708,0,2019-03-15 23:44:22
招商局置地(00978)年度股东应占溢利跌25.76%至12.16亿元 每股派0.08港元,4303,1,2019-03-15 23:42:25
招商局置地：2018年股东应占净利润12.16亿元 同比减少约26%,3497,0,2019-03-15 23:06:52
招商局置地(00978)派末期股息每股0.08港元,3588,0,2019-03-15 23:06:03
建议自股份溢价账宣派及派付末期股息,2342,0,2019-03-15 22:50:48
截至二零一八年十二月三十一日止年度全年业绩公告,2369,0,2019-03-15 22:49:23
招商局置地(00978.HK)3月15日举行董事会议  以考虑及批准全年业绩,4384,0,2019-03-05 13:55:44
董事会会议日期,1939,0,2019-03-04 20:38:37
股份l行人的C券釉蟊,1800,0,2019-03-01 16:24:12
招商局置地（0978.HK）：打破地域投资限制，多元参与大湾区发展,14.2万,0,
盈利警告,2180,0,2019-02-15 18:44:49
招商局置地挫近8%穿十天廿天线 料去年少赚25%,4764,0,2019-02-15 11:29:51
年度归属股东净利预降25% 招商局置地(00978)挫逾8%,6544,0,2019-02-15 11:24:18
招商局置地预期2018年净利润同比下跌25%,4296,0,2019-02-14 18:55:18
招商局置地(00978.HK)预计年度净利润下降   将持续优化财务资本结构,4726,0,2019-02-14 18:40:11
招商局置地(00978)年度归属股东净利预降25%,4460,0,2019-02-14 17:57:32
世茂股份失控的同业竞争,17996,2,
股份l行人的C券釉蟊,1810,0,2019-02-08 15:53:23
招商局置地：分别与招商蛇口和招商局物管签订运营协议和物管协议,6403,1,2019-01-31 10:49:46
招商局置地(00978.HK)向招商蛇口提供项目运营支持服务,5960,1,2019-01-30 20:39:08
持mPB交易:\Ifh及物I管理fh,1781,0,2019-01-30 20:38:39
独立股东一致通过招商局置地修订不竞争契据,4864,0,2019-01-30 09:25:12
於二零一九年一月二十九日e行之股|特e大表QY果,1829,0,2019-01-29 18:44:34
招商局置地(00978)采纳股息政策,4081,0,2019-01-24 21:30:40
招商局置地(00978.HK)采纳股息政策,4267,0,2019-01-24 21:22:58
提名委T喙,1746,0,2019-01-24 21:07:32
核委T喙,1758,0,2019-01-24 21:07:32
饶幌息 - 窦{股息政策,2034,0,2019-01-24 21:04:50
予披露交易:合作fh,1881,0,2019-01-19 00:10:34
招商局置地合营佛山市商住地项目,4334,0,2019-01-18 07:52:00
招商局置地(00978.HK)拟增资佛山时代冠鸿 主控开发南海大沥项目,6126,0,2019-01-17 23:59:09
招商局置地4.95亿元入股时代佛山商住项目,5046,0,2019-01-17 23:43:47
股|特e大m用之代表委任表格,1848,0,2019-01-10 16:39:54
股|特e大通告,1862,0,2019-01-10 16:38:51
PB交易:修及重列之不契及股|特e大通告,1834,0,2019-01-10 16:38:51
公告 - 就股|特e大和＾k理股份^舻怯手m,1735,0,2019-01-09 16:47:01
招商局置地2018年合同销售344.32亿元 同比上升43%,5338,0,2019-01-07 13:16:46
招商局置地：2018年合约销售金额344.31亿元 同比增43%,5264,0,2019-01-07 13:13:04
招商局置地全年合同销售额升43%,5131,0,2019-01-07 13:11:25
招商局置地2018年合同销售344.32亿元 同比升43%,5192,0,2019-01-07 13:09:54
招商局置地：2018年合同销售额约344亿元 同比上升43%,6481,0,2019-01-07 12:42:17
招商局置地(00978)2018年合同销售额同比增长43%至344.3亿元,4803,0,2019-01-07 12:14:49
招商局置地(00978)2018年合同销售额同比增长43%至344.3亿元,4850,0,2019-01-07 12:14:49
招商局置地(00978.HK)2018年合同销售额升43%至344.32亿元,4811,0,2019-01-07 12:14:30
截至二零一八年十二月三十一日止年度的未核I\,2024,0,2019-01-07 12:06:11
股份l行人的C券釉蟊,1661,0,2019-01-03 16:25:29
招商局置地与南京昌茂成立项目公司 共同开发南京宅地,5310,0,2019-01-02 16:32:52
招商局置地6.94亿元入股金茂南京地块 持股60%,5582,0,2019-01-02 09:45:37
招商局置地附属6.7亿人民币投得南京一幅地皮,5658,0,2018-12-31 15:28:59
主要交易:於南京丁家f商Q有限公司之投Y,2446,0,2018-12-31 14:24:46
主要交易:有P_l南京2018G43地K之合I安排,2449,0,2018-12-31 14:22:56
招商局置地(00978.HK)附属拟联手南京昌茂开发江苏南京地块,5929,0,2018-12-30 19:15:49
招商局置地(00978)附属拟携手南京昌茂成立项目公司以开发南京一地块,6867,0,2018-12-30 18:24:00
予披露交易:合作fh,2323,0,2018-12-30 18:08:15
招商局置地香港详解“同业竞争”条款修改,5182,0,2018-12-18 22:04:13
招商局置地2021年到期19亿公司债完成发行 年利率4.6%,4624,0,2018-12-18 20:56:22
招商局置地(00978.HK)成功发行19亿元高级债券,4604,0,2018-12-18 18:42:38
招商局置地(00978)完成发行19亿元于2021年到期高级债券,4175,0,2018-12-18 18:39:46
"招商局置地有限公司完成l行於二零二一年到期的人民1,900,000,000元4.6%高券(「券」)及受益於招商局蛇口工I^控股股份有限公司提供之S好契",2112,0,2018-12-18 18:32:44
招商局置地：冀发展轻资产新业务 暂未有目标占比,5059,0,2018-12-18 16:46:27
招商置地余志良：西安、重庆无没有明确的退出时间,6575,0,2018-12-18 16:34:02
招商局置地（0978.HK）与招商蛇口修订不竞争协议 轻重并举双轮驱动,48603,0,
招商局置地修改与招商蛇口不竞争契约 拟聚焦中国办公室物业,6493,0,2018-12-17 20:09:30
招商局置地与招商蛇口修订同业竞争协议 不再受地理限制,6618,0,2018-12-17 20:00:22
公告 - PB交易:修及重列之不契,2238,0,2018-12-17 19:03:38
招商局置地与平安证券签订19亿元债券配售协议 年利率4.6%,7596,1,2018-12-13 09:26:59
招商局置地：与平安证券签订19亿元债券配售协议,5945,0,2018-12-13 16:42:17
招商局置地(00978.HK)与平安证券签订配售协议 将发行19亿元公司债,3982,0,2018-12-13 16:10:03
招商局置地(00978.HK)拟配售最高19亿元公司债,4772,0,2018-12-13 14:47:04
招商局置地(00978)拟发行19亿元债券,4893,0,2018-12-13 14:35:25
招商局置地将发行最多19亿人民币高级债券,8463,0,2018-12-13 09:13:23
配售券,2087,0,2018-12-13 06:07:22
招商局置地：赎回5亿美元债券,6911,0,2018-12-12 00:16:16
招商局置地完成赎回到期的5亿美元债券,4234,0,2018-12-11 21:27:19
招商局置地(00978)完成赎回5亿美元债券,4174,0,2018-12-11 19:39:47
招商局置地(00978.HK)悉数赎回5亿美元债券,4220,0,2018-12-11 19:23:34
"於二零一八年到期的500,000,000美元4.021厘信用增券(「券」)(股份代:6002)悉第H回券",1846,0,2018-12-11 19:12:19
12月10日恒指收盘：收跌1.19% 成交低迷,5804,0,2018-12-10 18:05:17
招商局置地陕西住宅项目引入华侨城西安,6070,0,2018-12-10 13:36:44
招商局置地(00978.HK)引入华侨城注资500万元共同开发陕西住宅物业,6525,0,2018-12-09 23:14:24
招商局置地(00978)引入华侨城(西安)为西咸新区一地块合作方 持有项目公司50%股权,9124,0,2018-12-08 01:02:37
招商局置地西安4.59万住宅项目引入华侨城西安,8657,0,2018-12-08 00:47:53
招商局置地陕西4.59万平米项目引入华侨城合作开发,12715,0,2018-12-08 00:07:12
予披露交易:作出售一g附俟司之50%股,2160,0,2018-12-07 22:46:17
招商局置地(00978)附属重庆招商依城2.9亿元竞得重庆江北区一地块,5015,1,2018-12-05 23:22:15
招商局置地2.9亿获重庆江北宅地 年期50年,4626,0,2018-12-06 09:14:15
招商局置地(00978.HK)耗资2.9亿元投得重庆江北区一地块,4699,0,2018-12-05 23:37:42
自公告 - 收地K,2051,0,2018-12-05 22:50:32
股份l行人的C券釉蟊,1044,0,2018-12-04 15:31:58
股份l行人的C券釉蟊,1314,0,2018-11-01 16:10:28
延t寄l有P主要交易:於南京丁家f商Q有限公司之投Y之通函,1604,0,2018-10-30 12:20:12
延t寄l有P主要交易:有P_l南京2018G43地K之合I安排之通函,1407,0,2018-10-30 12:17:52
招商局置地：天盛投资已全部赎回2.9亿美元可转债,5764,0,2018-10-25 22:11:59
招商局置地(00978)：天盛投资完成赎回2.9亿美元可换股债券,4935,0,2018-10-25 18:00:39
招商局置地(00978.HK)：注销2.9亿美元换股债将于10月31日生效,4511,0,2018-10-25 17:58:39
完成H回可Q股券,1291,0,2018-10-25 17:42:01
招商局置地前三季销售219亿 金茂酒店房间收益降1.6%,10018,0,2018-10-19 01:23:20
招商局置地前三季度合同销售219亿元 同比增加26%,5955,0,2018-10-18 18:20:37
招商局置地第三季合同销售总额升85%,5296,0,2018-10-18 17:42:56
招商局置地(00978)三季度销售额73.94亿元 同比增加85%,4575,0,2018-10-18 17:23:38
截至二零一八年九月三十日止九月之未核I\,1401,0,2018-10-18 16:44:09
招商局置地与南京交通成立合资公司 开发南京浦口11万平米地块,9926,1,2018-10-08 23:46:40
招商局置地(00978)附属拟合共5.34亿元投资入股江苏南京物业项目,5365,0,2018-10-09 16:09:22
招商局置地斥资5.3亿 获南京栖霞商业地60%股权,6388,0,2018-10-09 10:23:59
招商局置地组合营夺南京住宅地 料投资逾29亿人币,6254,0,2018-10-09 08:28:39
招商局置地(00978.HK)附属拟对南京丁家庄商贸注资以开发南京地块,6266,0,2018-10-09 06:55:50
主要交易:於南京丁家f商Q有限公司之投Y,1263,0,2018-10-09 06:10:21
招商局置地(00978.HK)与南京交通共同投资项目公司 开发南京浦口区地块,3756,0,2018-10-09 04:38:03
招商局置地(00978)与南京交通成立项目公司共同开发南京浦口区一地块,7154,0,2018-10-08 23:35:34
主要交易:有P_l南京2018G43地K之合I安排,1799,0,2018-10-08 23:15:10
股份l行人的C券釉蟊,1184,0,2018-10-03 15:58:06
招商局置地全部赎回2020年到期2.9亿美元可换股债券,5306,0,2018-09-27 18:17:59
招商局置地(00978)：天盛已赎回全部未偿还债券,4954,0,2018-09-27 17:52:43
招商局置地(00978.HK)赎回2020万美元可换股债券,4744,0,2018-09-27 17:45:20
提前H回可Q股券,1237,0,2018-09-27 17:28:27
2018 中期蟾,2371,0,2018-09-18 16:44:08
股份l行人的C券釉蟊,894,0,2018-09-03 14:52:12
招商局置地与景瑞、合景泰富、正荣共同开发南京雨花台商住地,5836,1,2018-08-30 20:50:31
招商局置地(00978)设立合营共同开发南京雨花台地块,4710,0,2018-08-30 19:32:14
予披露及PB交易:有P_l雨花台地K之合I安排,1522,0,2018-08-30 19:02:00
招商局置地上半年营收32.49亿 毛利率增21个百分点,2980,0,2018-08-23 17:55:58
招商局置地(00978)中期净利增长48.8%至4.27亿元,2019,0,2018-08-23 17:52:15
截至二零一八年六月三十日止六月之中期I公告,1411,0,2018-08-23 17:05:14
股份l行人的C券釉蟊,776,0,2018-08-02 10:26:17
招商局置地入股广州从化23亿地块 与保利、金茂共同开发,7379,0,2018-07-30 16:33:59
予披露及PB交易:有P_l幕土地之合I安排,1044,0,2018-07-30 07:59:45
招商蛇口：子公司招商局置地上半年净利同比增幅不低于30%,12571,6,2018-07-17 16:04:43
招商局置地发布盈利公告 母公司上半年净利大增约九成,22807,2,2018-07-18 02:02:48
招商局置地(00978.HK)更换公司秘书为徐建峰,5316,0,2018-07-18 13:24:03
更Q公司秘,952,0,2018-07-18 12:09:46
正面盈利A告,1538,0,2018-07-17 12:09:42
招商局置地半年合同销售144.9亿元 同比增加8%,4386,0,2018-07-09 18:05:09
截至二零一八年六月三十日止六月之未核I\,1305,0,2018-07-09 17:32:48
更Q核,1205,0,2018-07-06 17:28:47
股份l行人的C券釉蟊,757,0,2018-07-04 15:12:13
招商局置地(00978.HK)携手广州金地及北京远东共同开发广州增城住宅用地,4294,0,2018-06-29 04:57:27
招商局置地(00978)携手广州金地及北京远东成立合营共同开发广州增城地块,3108,0,2018-06-29 04:48:01
予披露及PB交易:有P收土地之合I安排,1307,0,2018-06-28 23:02:40
"2017h境,社及管治蟾",1073,0,2018-06-28 16:59:28
招商局置地(00978.HK)：拟17.35亿元向附属佛山依云房地产转让佛山地块,6774,2,2018-04-25 19:12:55
招商局置地提前赎回2.7亿美元可换股债券,3025,0,2018-06-22 20:50:21
招商局置地(00978)提前赎回2.698亿美元部分未偿还的可换股债券,2033,0,2018-06-22 20:20:14
招商局置地(00978.HK)附属提前赎回2.698亿美元可换股债券,1856,0,2018-06-22 20:16:59
部分H回可Q股券,1234,0,2018-06-22 18:21:09
招商局置地(00978)获授10亿元银行定期贷款,2629,0,2018-06-15 20:06:04
招商局置地(00978.HK)获授额度不超10亿元的定期贷款,2168,0,2018-06-15 20:05:25
根上市t第13.18l之披露,1488,0,2018-06-15 19:24:51
招商局置地(00978.HK)获授额度不超10亿元定期贷款,2299,0,2018-06-13 16:57:34
银行向招商局置地提供不超10亿元贷款额度,3628,0,2018-06-13 16:52:28
根上市t第13.18l之披露,1344,0,2018-06-13 16:34:04
股份l行人的C券釉蟊,1216,0,2018-06-04 14:54:42
招商局置地(00978)调整债券转换价至每股2.7港元,3082,1,2018-06-01 18:01:27
请问，有知道派息什么时候到账的吗？,1066,0,2018-06-01 19:49:03
招商局置地(00978.HK)换股价因派息调至2.70港元,3486,0,2018-06-01 17:57:23
Χ零二零年到期可Q股券之DQr作出{整,1458,0,2018-06-01 17:36:20
澄清公告,1987,0,2018-05-11 17:33:35
股份l行人的C券釉蟊,1167,0,2018-05-03 16:59:26
於二零一八年四月二十七日e行的股|L年大表QY果,1345,0,2018-04-27 19:07:55
於二零一八年四月二十七日e行之股|特e大表QY果,1163,0,2018-04-27 18:56:39
招商局置地(00978)拟17.35亿元向附属转让佛山地块,5095,0,2018-04-25 19:09:53
予披露交易-出售佛山招商中h房地a50%股,1422,0,2018-04-25 19:05:53
招商局置地一季度销售下降11% 股价下跌4%,5107,0,2018-04-11 10:17:44
招商局置地(00978)第一季合同销售总额下降11%至53.68元,4461,1,2018-04-10 17:17:27
招商局置地(00978.HK)首3月合同销售总额下降11%至53.68亿元,4895,1,2018-04-10 17:20:28
截至二零一八年三月三十一日止三月之未核I\,1214,0,2018-04-10 17:06:22
股份l行人的C券釉蟊,794,0,2018-04-03 15:16:31
股|特e大m用之代表委任表格,879,0,2018-03-26 20:15:39
股|特e大通告,993,0,2018-03-26 20:12:56
自股份溢r~派付末期股息及股|特e大通告,1463,0,2018-03-26 20:11:14
二零一八年四月二十七日星期五e行之股|周年大m用之代表委任表格,744,0,2018-03-26 20:10:33
股|L年大通告,837,0,2018-03-26 20:07:56
建h授出回股份及l行本公司新股份之一般授唷⒔ㄗh重x本公司退任董事及股|L年大通告,898,0,2018-03-26 20:03:32
00978为优秀的企业点赞，这样的上市公司牛4倍市盈率,900,0,2018-03-26 14:36:29
00978  4倍的市盈率0.9倍的市净率不错,626,0,2018-03-21 10:07:54
00978每股分红0.1元派息率7%，股息率挺高的,595,0,2018-03-21 09:44:06
业绩点赞,520,0,2018-03-21 09:36:11
保利大龙,478,0,2018-03-21 09:11:22
招商局置地(00978)拟自股份溢价账宣派及派付末期股息每股0.1港元,5105,1,2018-03-20 19:11:03
招商局置地(00978.HK)拟自股份溢价账宣派及派付末期股息每股港币0.1元,4821,0,2018-03-20 19:16:04
招商局置地2017年溢利增102%至16.38亿元 每股派息0.1港元,5002,2,2018-03-20 17:47:56
建h自股份溢r~宣派及派付末期股息,1373,0,2018-03-20 19:01:44
截至二零一七年十二月三十一日止年度全年I公告,1499,0,2018-03-20 17:23:36
董事h日期,1463,0,2018-03-07 19:17:11
股份l行人的C券釉蟊,574,0,2018-03-01 17:45:57
招商局置地完成收购卓得股份,3026,0,2018-03-01 02:42:29
招商局置地完成卓得收购,3358,0,2018-02-28 17:12:01
完成予披露及PB交易,797,0,2018-02-28 16:59:18
股份l行人的C券釉蟊,807,0,2018-02-02 17:50:14
招商局置地：成惠分别由瑞嘉及乐怡持有80%及20%权益,4906,4,2017-12-08 03:09:45
死乌龟庄,626,0,2018-01-31 14:51:04
吃屎庄,515,0,2018-01-31 14:07:02
抛吧，狗庄。全盘接受[大笑],492,0,2018-01-23 11:06:15
招商局置地获一银行授出最高6.6亿元贷款,5838,5,2018-01-18 17:08:14
招商局置地获银行提供总额度不超6.6亿元的贷款,8685,5,2018-01-18 17:02:07
根上市t第13.18l之披露,851,0,2018-01-18 16:41:57
招商局置地2017年合同销售总额241.57亿 同比上升51%,7163,1,2018-01-08 15:48:18
招商局置地全年合同销售总额同比上升51%至241.57亿元,5591,1,2018-01-08 13:17:34
招商局置地2017全年合同销售额241.57亿元,5969,0,2018-01-08 13:45:48
截至二零一七年十二月三十一日止年度的未核I\,1543,0,2018-01-08 12:19:51
股份l行人的C券釉蟊,579,0,2018-01-03 17:24:23
薪酬委T的喙,2311,0,2017-12-19 18:21:11
於二零一七年十二月十九日e行之股|特e大表QY果,893,0,2017-12-19 17:58:35
招商局置地附属公司拟出售佛山南海区地块权益,8504,0,2017-12-19 08:44:27
招商局置地(00978)21.1亿元售佛山南海地块予非全资附属公司,8427,3,2017-12-18 19:21:11
A予披露交易 - 出售佛山招商光A房地a50%股,1408,0,2017-12-18 19:30:59
招商局置地附属公司参股南京房地产开发公司,9996,0,2017-12-11 09:19:28
A予披露交易 - 於南京C合置I有限公司之投Y,1630,0,2017-12-08 21:35:22
招商局置地控股股东股权架构发生变动,6945,0,2017-12-08 09:11:21
招商局置地：控股股东股权架构变动,9440,2,2017-12-07 20:37:34
公告控股股|之股嗉,1350,0,2017-12-07 20:20:11
招商局置地拟于12月19日举行股东特别大会,3768,3,2017-12-04 13:26:28
股|特e大m用之代表委任表格,1158,0,2017-12-04 12:16:12
股|特e大通告,1369,0,2017-12-04 12:14:40
向PB附俟司~外注Y及股|特e大,1102,0,2017-12-04 12:10:21
股份l行人的C券釉蟊,1077,0,2017-12-01 17:50:15
招商局置地：公司预计今年业绩大幅增长,4277,1,2017-11-27 16:21:34
招商局置地向南京招商额外注资,9866,13,2017-11-21 17:24:09
主要及PB交易: 有P增Yfh之a充fh,1344,0,2017-11-21 17:15:36
招商局置地预计全年净利增80%以上,5504,4,2017-11-20 15:25:36
招商局置地与重庆瀚置成立合营共同开发重庆地块 涉及投资总额23.6亿元,4373,4,2017-11-20 15:16:11
招商局置地发布2017年盈利预告：净利润预增不低于80%,5796,3,2017-11-20 15:21:28
招商局置地2017年净利预增不低于80%,3288,3,2017-11-20 13:19:34
招商局置地预期2017年度公司拥有人应占溢利同比增加逾80%,2699,3,2017-11-20 13:24:24
盈利A告,2266,0,2017-11-20 12:19:18
予披露及PB交易: 成立合I公司以收重c地K,1608,0,2017-11-17 18:33:46
澄清公告及延t寄l有P主要及PB交易向PB附俟司~外注Y之通函,1483,0,2017-11-13 22:10:02
招商局置地：招商蛇口及深圳招商向南京招商额外注资合共100亿元,13156,3,2017-11-02 10:15:13
招商局置地及控股股东合共向南京招商增资100亿元,10156,4,2017-11-01 19:12:40
公告主要及PB交易 C 向PB附俟司~外注Y,1123,0,2017-11-01 18:50:52
股份l行人的C券釉蟊,756,0,2017-11-01 16:27:36
每次2000股，奇怪。,2595,1,2017-10-13 15:31:42
怎么都是2000股的成交，奇怪。,1054,0,2017-10-13 15:30:08
招商局置地站上2元不远了！,3555,1,2017-09-19 21:40:36
招商局置地前9个月合同销售总额同比增加33%至173.93亿元,4085,1,2017-10-12 09:35:41
招商局置地前9个月合同销售总额增加33%至173.93亿元,4564,6,2017-10-11 18:02:19
截至二零一七年九月三十日止九月的未核I\,1730,0,2017-10-11 18:01:45
股份l行人的C券釉蟊,1015,0,2017-10-09 14:42:11
50w 锁仓,960,0,2017-09-26 10:23:10
招商局置地拟向合营佛山鼎图房地产再出资约5.59亿元,6012,8,2017-09-19 21:27:57
招商局置地或以股东贷款方式向佛山鼎图房地产再出资5.59亿元,6588,4,2017-09-19 21:21:52
招商局置地向佛山发展项目合营再出资5.59亿人民币,3990,2,2017-09-20 10:33:15
向佛山鼎D房地a再出Y,1370,0,2017-09-19 20:42:24
2017 中期蟾,2521,0,2017-09-12 16:54:13
招商局置地附属斥3.217亿元收购江苏句容3幅地块,5803,13,2017-09-08 18:57:02
自公告收地K,1882,0,2017-09-08 18:47:19
股份l行人的C券釉蟊,1419,0,2017-09-04 16:41:48
招商局置地中期赚约3亿人民币增4.7倍 不派息,5621,1,2017-08-24 10:01:16
招商局置地中期溢利大增470%至2.88亿元不派息,6662,10,2017-08-23 20:04:15
主要及PB交易 -  有P收增城地K之合I安排,1596,0,2017-08-23 21:47:11
主要交易 -  收於中V|省佛山市之土地使用,1640,0,2017-08-23 21:45:30
截至二零一七年六月三十日止六月之 中期I公告,1576,0,2017-08-23 19:54:39
全年业绩符合预期，派息大幅增长,11830,1,2017-03-14 00:00:00
董事h日期,1721,0,2017-08-09 19:30:45
股份l行人的C券釉蟊,1385,0,2017-08-01 16:46:17
M一步延t寄l有P主要交易: 收於中V|省佛山市之土地使用 之通函,1934,0,2017-07-28 19:15:53
延t寄l有P主要及PB交易: 有P收增城地K之合I安排 之通函,1385,0,2017-07-28 19:15:16
主要及PB交易: 成立一g合I公司,2124,0,2017-07-14 06:45:36
招商局置地次季合同销售总额73.9亿人民币增五成,2873,0,2017-07-11 10:18:10
招商局置地上半年合同销售总额133.98亿元同比增58%,2266,0,2017-07-10 19:31:05
截至二零一七年六月三十日止六月之未核I\,1746,0,2017-07-10 19:11:20
招商局置地预期中期净利增长超3倍 午后直升7%,2861,0,2017-07-10 15:55:30
招商局置地预期2017年上半年净利润同比增长超3倍,2059,0,2017-07-10 13:42:08
哈哈,717,0,2017-07-10 13:08:28
正面盈利A告,2079,0,2017-07-10 12:13:22
股份l行人的C券釉蟊,800,0,2017-07-04 17:29:31
予披露交易: 收位於中重c市之土地使用,1231,0,2017-06-23 18:07:20
延t寄l有P主要交易: 收於佛山市之土地使用嘀通函,1151,0,2017-06-23 13:08:58
"2016h境, 社及管治蟾",1576,0,2017-06-22 17:22:56
招商局置地合营开发广州增城住宅用地,2345,0,2017-06-22 09:46:41
招商局置地成立合营公司以开发广州增城地块,2020,0,2017-06-21 23:39:09
主要及PB交易有P收地K之合I安排,1308,0,2017-06-21 22:56:48
招商局置地相关可换股债的换股价调至每股2.88港元,2437,0,2017-06-20 19:42:59
Χ零二零年到期可Q股券之DQr作出{整,984,0,2017-06-20 18:24:27
招商局置地逾20亿人民币投得佛山土地,1615,0,2017-06-19 10:32:27
招商局置地以20.15亿元竞得佛山南海区8.1万平方米地块,1531,0,2017-06-19 09:35:05
主要交易: 收於中V|省佛山市之土地使用,1171,0,2017-06-18 19:00:19
股份l行人的C券釉蟊,849,0,2017-06-01 17:19:36
招商局置地与广州鼎佳房地产共同开发佛山三水区项目,3745,0,2017-05-31 20:45:33
予披露交易合作fh,1051,0,2017-05-31 20:02:22
修持mPB交易之年度上限,1223,0,2017-05-24 17:06:04
M一步延t寄l有P主要及PB交易: 成立合I公司之通函,1063,0,2017-05-22 19:03:20
更股份^舻怯的情,830,0,2017-05-17 19:41:13
招商局置地获银行6亿元定期贷款融资 期限三年,8232,0,2017-05-16 13:56:58
根上市t第13.18l之披露,890,0,2017-05-15 21:56:00
招商局置地获授不超过6亿元的定期贷款,4011,0,2017-05-15 21:42:25
招商局置地涨近6% 酝酿将大湾区项目基金化,14569,4,2017-04-28 15:50:50
股份l行人的C券釉蟊,745,0,2017-05-04 17:36:38
於二零一七年四月二十八日e行之股|特e大表QY果,803,0,2017-04-29 05:23:36
二零一七年四月二十八日e行的股|L年大表QY果,671,0,2017-04-29 05:23:14
一只即将上涨8倍的好股,1352,0,2017-04-15 10:45:13
招商局置地首季合同销售总额60亿人币 升70%,1583,0,2017-04-10 16:50:50
招商局置地首季合同销售总额增70% 现升逾2%,1748,0,2017-04-10 15:08:25
招商局置地斥43.5亿元收购广州一地块,1941,0,2017-04-10 13:46:34
招商局置地前3个月销售总额约60.13亿元,1556,0,2017-04-10 13:44:35
截至二零一七年三月三十一日止三月之未核I\,1525,0,2017-04-10 12:25:33
自公告收地K,1797,0,2017-04-10 12:17:49
持mPB交易 - 租Ufh,2193,0,2017-04-07 23:17:51
招商局置地拟自股份溢价账派付末期股息每股0.045港元,1977,0,2017-04-05 19:19:22
股|特e大通告,1893,0,2017-04-05 18:55:25
股|特e大m用之代表委任表格,1605,0,2017-04-05 18:55:25
自股份溢r~派付末期股息及股|特e大通告,1616,0,2017-04-05 18:47:03
建h自股份溢r~宣派及派付末期股息,1801,0,2017-04-05 18:42:08
年2016,2688,0,2017-04-05 12:24:42
股份l行人的C券釉蟊,819,0,2017-04-05 08:06:11
延t寄l有P主要及PB交易: 成立合I公司之通函,3867,0,2017-03-24 22:06:25
股|L年大通告,1422,0,2017-03-23 18:30:17
二零一七年四月二十八日星期五e行之股|周年大m用之代表委任表格,1124,0,2017-03-23 18:30:14
建h授出回股份及l行本公司新股份之一般授唷⒔ㄗh重x本公司退任董事及股|L年大通告,1207,0,2017-03-23 18:25:00
招商局置地2016年溢利8.11亿元 同比增长3.4倍,2239,0,2017-03-08 13:25:10
招商局置地去年多赚3.4倍 现升4%,1779,0,2017-03-08 10:52:03
招商局置地年度溢利8.11亿元 大增338%,1538,0,2017-03-07 18:04:12
截至二零一六年十二月三十一日止年度全年I公告,1696,0,2017-03-07 17:35:48
招商局置地升逾3% 夥香港置地开发南京地,1530,0,2017-03-07 13:47:02
招商局置地夥香港置地等合营开发南京商住项目,2131,0,2017-03-07 09:31:45
招商局置地附属98.1亿元投得南京土地,2049,0,2017-03-07 08:56:22
主要及PB交易: 成立合I公司,1533,0,2017-03-06 23:07:08
招商局置地明天放榜 现微升1%靠稳,1103,0,2017-03-06 15:41:48
股份l行人的C券釉蟊,1495,0,2017-03-03 11:30:26
董事h日期,5212,0,2017-02-24 22:23:34
招商局置地斥资1.35亿元收购佛山高明区一地块,2254,0,2017-02-10 20:30:04
自公告收地K,6253,0,2017-02-10 19:58:10
股份l行人的C券釉蟊,5797,0,2017-02-01 17:06:52
招商局置地去年销售额增79% 现升2%,2299,0,2017-01-13 15:21:32
招商局置地2016年销售额159.86亿元大增79%,2527,0,2017-01-12 18:04:34
截至2016年12月31日止年度的未核\I,1778,0,2017-01-12 17:11:17
招商局置地购入南京一住宅地皮 作价10.2亿人币,1857,0,2017-01-12 17:01:58
招商局置地10.2亿元收购南京住宅用地,1954,0,2017-01-12 17:00:57
自公告收地K,1556,0,2017-01-12 16:45:19
招商局置地完成5.04亿港元收购香港一公寓大厦,3959,0,2017-01-05 16:16:11
招商局置地拟复制「CM+」服务式公寓模式到多个城市,3307,0,2017-01-05 15:18:45
股份l行人的C券釉蟊,1196,0,2017-01-05 10:55:43
招商局置地完成收购物业项目公司佳临,1408,0,2017-01-05 09:04:38
完成予披露及PB交易,1326,0,2017-01-05 06:51:45
陈I茵辞任招商局置地公司秘书由刘准羽接任,2053,0,2017-01-03 20:42:26
更Q公司秘,1219,0,2017-01-03 20:20:16
股份l行人的C券釉蟊,2586,0,2016-12-01 16:24:35
聚焦优势城市，打造轻资产运营平台,3620,0,2016-11-29 00:00:00
招商局置地附属成立合营公司专为开发南京2016G60土地,3706,1,2016-11-24 21:45:20
PB交易: 成立合I公司,2000,0,2016-11-24 21:22:38
港股00286目前股价不到1元，随时一飞冲天！,1792,0,2016-11-17 12:20:53
招商局置地斥17.52亿元购佛山6.87万平米地块,3276,0,2016-11-11 14:07:40
招商局置地以17.52亿元购买佛山6.87万平方米地块,2124,0,2016-11-11 13:39:45
招商局置地斥17.5亿人币购佛山土地,1975,0,2016-11-11 08:59:34
自公告 收地K,7938,0,2016-11-10 20:02:15
股份l行人的C券釉蟊,6097,0,2016-11-01 16:11:55
主要及PB交易: 成立合I公司 及 碜躁PB人士之召Y助,5463,0,2016-10-27 18:34:52
招商局置地收购佳临及卓得股权事项获股东大会通过,2582,0,2016-10-11 20:54:46
於二零一六年十月十一日e行之股|特e大表QY果,7978,0,2016-10-11 19:55:05
正面盈利A告,8142,0,2016-10-10 22:38:43
截至二零一六年九月三十日止九月的 未核I\,7849,0,2016-10-10 22:37:52
招商局置地预计年度溢利同比显著上升不少于150%,1936,0,2016-10-10 20:44:03
招商局置地三季度合同销售总额约45.744亿元同比增长157%,1977,0,2016-10-10 20:11:56
股份l行人的C券釉蟊,13120,0,2016-10-03 16:09:11
有P涉及成立合I公司之 主要交易之a充fh;及 PB交易,759,0,2016-09-24 09:14:00
招商局置地非全资附属投资于合营企业比例改变,1859,0,2016-09-23 21:27:17
公告 M一步延t寄l有P重大交易之通函: 成立合I公司,8289,0,2016-09-22 22:22:43
2016中期蟾,1236,0,2016-09-22 00:09:32
有P收佳R及卓得 全部股本嘁婕 股|J款之予披露及 PB交易,10292,0,2016-09-14 22:35:06
股|特e大通告,10029,0,2016-09-14 22:33:45
於二零一六年十月十一日(星期二)e行之股|特e大m用之代表委任表格,10105,0,2016-09-14 22:33:45
股份l行人的C券釉蟊,18856,0,2016-09-02 15:46:29
截至二零一六年六月三十日止六月之中期I公告,4800,0,2016-08-18 17:13:10
有P收佳R及卓得全部股本嘁婕肮|J款之予披露及PB交易,4832,0,2016-08-18 17:13:09
委任理及更Q湛O,4696,0,2016-08-18 17:00:56
董事h日期,6000,0,2016-08-08 17:17:40
股份l行人的C券釉蟊,4856,0,2016-08-03 11:28:29
更改香港主要II地c,6389,0,2016-08-01 12:39:55
澄清公告延t寄l有P重大交易之通函:成立合I公司,6804,0,2016-07-25 20:56:36
延t寄l有P重大交易之通函:成立合I公司,20009,0,2016-07-22 19:18:38
盈利A告,20752,0,2016-07-22 16:42:29
截至二零一六年六月三十日止六月之未核I\,7517,0,2016-07-08 06:19:59
股份l行人的C券釉蟊,6090,0,2016-07-05 14:25:05
主要交易:成立合I公司,7457,0,2016-06-30 21:06:33
有P截至二零一五年十二月三十一日止年度年笾澄清公告,10403,0,2016-06-23 20:11:00
股份l行人的C券釉蟊,7454,0,2016-06-02 11:29:08
根上市t第13.18l之披露,9137,0,2016-05-31 18:12:33
"有P於二零一八年到期的500,000,000美元4.021厘信用增券的控制嘧油ㄖ",9288,0,2016-05-31 18:01:10
"有P於二零一八年到期的500,000,000美元4.021厘信用增券的控制嘧油ㄖ",9112,0,2016-05-31 17:42:27
股份l行人的C券釉蟊,6401,0,2016-05-05 10:32:51
二零一六年四月二十六日e行的股|L年大表QY果,3568,0,2016-04-26 21:38:47
予披露交易J股份,8732,0,2016-04-08 19:28:09
截至二零一六年三月三十一日止三月之未核I\,7682,0,2016-04-08 17:30:10
自公告收地K,7725,0,2016-04-08 17:30:10
股份l行人的C券釉蟊,6915,0,2016-04-06 10:19:33
建h授出回股份及l行本公司新股份之一般授唷⒔ㄗh重x本公司退任董事及股|L年大通告,10609,1,2016-03-22 18:03:18
招商局亚太价值分析：仍可期待,2922,0,2016-03-29 09:30:08
股|L年大通告,9712,0,2016-03-22 18:03:18
二零一六年四月二十六日星期二e行之股|L年大m用之代表委任表格,9528,0,2016-03-22 18:00:33
年2015,9884,0,2016-03-22 17:54:24
董事名闻c其角色和能,70813,0,2016-03-20 18:18:26
董事之印⒍事主席、本公司提名委T主席及本公司薪酬委T成T之蛹笆啻表之,71145,0,2016-03-20 18:09:46
股份l行人的C券釉蟊,14164,0,2016-03-04 17:32:53
2015年盈利下跌已属预期，2016年前景将会好转,12905,0,2016-03-01 19:44:36
FY15 profit decline well expected. Sound 2016 outlook,12441,0,2016-02-29 20:27:40
截至二零一五年十二月三十一日止年度全年I公告,12752,0,2016-02-26 16:49:04
董事h日期,20044,0,2016-02-16 17:13:06
股份l行人的C券釉蟊,10976,0,2016-02-02 11:24:15
截至二零一五年十二月三十一日止年度的 未核I\,27064,1,2016-01-15 20:47:45
盈利A警,27245,1,2016-01-15 20:47:45
Positive on 2016 developments,126,0,2016-01-18 00:00:00
看好2016年的发展,1865,0,2016-01-18 00:00:00
Positive on 2016 developments,749,0,2016-01-15 00:00:00
股份l行人的C券釉蟊,14930,0,2016-01-06 16:43:48
持mPB交易: \Ifh及 物I管理fh,14447,0,2015-12-29 18:36:50
I公告 (摘要),1857,1,2015-12-15 10:38:07
I公告,1191,0,2015-12-15 10:37:00
蟊,1174,0,2015-12-15 10:29:07
公告,1172,0,2015-12-15 09:58:27
公告,1094,0,2015-12-15 09:42:50
公告,1141,0,2015-12-15 09:32:33
股r及成交量的不こ２,1222,0,2015-12-15 08:57:42
I公告 (摘要),1131,0,2015-12-15 07:14:13
I公告,1156,0,2015-12-15 07:14:13
股|大通告,1124,0,2015-12-15 07:04:38
委任表格,1190,0,2015-12-15 06:59:29
蟊,1128,0,2015-12-15 06:59:27
公告,1147,0,2015-12-15 06:05:00
股|大通告,1212,0,2015-12-15 05:41:08
委任表格,1169,0,2015-12-15 05:40:07
股|大Y果,1126,0,2015-12-15 05:31:23
股r及成交量的不こ２,1152,0,2015-12-15 05:12:39
I公告,1079,0,2015-12-15 04:41:35
I公告 (摘要),1078,0,2015-12-15 04:41:34
蟊,1168,0,2015-12-15 04:36:09
公告,1054,0,2015-12-15 04:06:05
公告,1098,0,2015-12-15 03:40:55
公告,1089,0,2015-12-15 03:30:10
股r及成交量的不こ２,1132,0,2015-12-15 02:17:30
公告,1044,0,2015-12-15 01:47:34
I公告 (摘要),1023,0,2015-12-15 01:27:18
I公告,1028,0,2015-12-15 01:26:10
股|大通告,1044,0,2015-12-15 01:18:42
蟊,1126,0,2015-12-15 01:17:21
公告,1036,0,2015-12-15 00:04:45
I公告,932,0,2015-12-14 22:54:50
蟊,1070,0,2015-12-14 22:49:11
I公告,965,0,2015-12-14 21:56:40
公告,977,0,2015-12-14 21:43:45
I公告,1060,0,2015-12-14 21:16:53
公告,938,0,2015-12-14 21:02:52
股|大通告,1050,0,2015-12-14 20:18:26
I公告,1044,0,2015-12-14 20:18:26
公告,938,0,2015-12-14 20:13:12
公告,997,0,2015-12-14 20:13:11
I公告 (摘要),1312,1,2015-12-14 18:52:13
I公告,1044,0,2015-12-14 19:40:27
I公告,953,0,2015-12-14 18:52:12
蟊,1182,0,2015-12-14 18:48:06
公告,896,0,2015-12-14 18:28:48
I公告 (摘要) (由|力I控股修),1047,0,2015-12-14 17:56:40
I公告,968,0,2015-12-14 17:56:38
蟊,972,0,2015-12-14 17:53:47
公告,874,0,2015-12-14 16:39:00
股|大通告,1053,0,2015-12-14 16:27:42
I公告,889,0,2015-12-14 16:24:12
I公告 (摘要),858,0,2015-12-14 16:24:12
年,1022,0,2015-12-14 16:17:35
公告,951,0,2015-12-14 15:39:08
董事名闻c其角色和能,1477,0,2015-12-04 19:29:07
董事o任 及授啻表之更,1551,0,2015-12-04 19:28:57
股份l行人的C券釉蟊,1190,0,2015-12-03 23:01:24
K止予披露交易,1775,0,2015-11-13 20:42:49
核委T喙,2058,0,2015-11-13 20:17:48
这个吧里怎么没人气啊,987,0,2015-11-12 11:31:21
股份l行人的C券釉蟊,686,0,2015-11-04 21:52:54
为什么港股涨的这么凶？,871,0,2015-10-14 11:48:28
截至二零一五年九月三十日止九月的 未核I\,966,0,2015-10-09 07:06:11
股份l行人的C券釉蟊,656,0,2015-10-07 09:54:27
自公告,854,0,2015-09-24 08:52:46
自公告,1001,0,2015-09-23 06:48:37
予披露及PB交易: 成立合I公司 及 提供召Y助,1047,0,2015-09-18 23:38:07
自公告,1080,0,2015-09-18 06:34:04
自公告,771,0,2015-09-16 06:26:22
有P提供召Y助的予披露交易,933,0,2015-09-11 22:52:00
自公告,785,0,2015-09-10 06:45:59
股份l行人的C券釉蟊,794,0,2015-09-07 22:03:10
自公告,868,0,2015-09-01 06:43:09
免去董事、 董事主席 及 本公司提名委T主席更,1351,0,2015-08-27 23:24:56
董事名闻c其角色和能,961,0,2015-08-27 23:24:56
自公告,884,0,2015-08-25 06:31:41
2015 中期蟾,900,0,2015-08-21 17:26:50
自公告,886,0,2015-08-18 06:14:18
董事名闻c其角色和能,811,0,2015-08-17 20:12:39
董事o任 及授啻表之更,994,0,2015-08-17 19:12:30
招商局置地上半年营收13.95亿元 同比下降60%,2497,0,2015-08-12 17:54:46
截至二零一五年六月三十日止六月 中期I公告,912,0,2015-08-11 17:34:03
自公告收地K,846,0,2015-08-11 06:32:44
自公告,833,0,2015-08-11 06:32:38
前景向好，推荐,1097,0,2015-08-06 00:00:00
股份l行人的C券釉蟊,747,0,2015-08-05 22:18:12
自公告,863,0,2015-08-04 07:11:13
董事h日期,859,0,2015-07-30 16:59:50
自公告,815,0,2015-07-28 06:50:17
自公告,840,0,2015-07-21 06:55:06
盈利A告,1505,1,2015-07-16 18:47:26
自公告,1012,0,2015-07-14 06:30:34
截至二零一五年六月三十日止六月的 未核I\,1251,0,2015-07-10 06:50:41
自公告,946,0,2015-07-07 06:36:11
股份l行人的C券釉蟊,942,0,2015-07-04 09:31:55
自公告,982,0,2015-06-30 06:51:59
"完成l行由本公司保於二零二零年到期的290,000,000美元 0.50厘信用增可Q股券(",1187,0,2015-06-23 21:10:49
自公告,930,0,2015-06-23 07:07:56
自公告,990,0,2015-06-15 08:10:14
自公告,1208,0,2015-06-08 08:36:12
股份l行人的C券釉蟊,781,0,2015-06-04 22:24:44
交易所通告 - 团,1240,0,2015-06-03 10:10:49
"l行由本公司保於二零二零年到期的290,000,000美元 0.50厘信用增可Q股券(信用",1290,0,2015-06-03 07:10:27
短和Ｅ,1144,0,2015-06-02 21:09:19
交易所通告 - 短和Ｅ,1249,0,2015-06-02 16:08:07
招商局置地突停牌 控股股东招商地产4月底停牌至今,2414,0,2015-06-02 15:54:00
自公告,1183,0,2015-06-01 08:00:07
自公告,1102,0,2015-05-25 18:31:53
自公告,1088,0,2015-05-18 08:14:57
招商局置地6800万元人民币增资广州市房产项目,2138,0,2015-05-06 11:25:34
股份l行人的C券釉蟊,884,0,2015-05-06 08:02:01
予披露及PB交易: 收砷g目公司之股本嘁婕 向砷g目公司提供股|J款,1065,0,2015-05-06 08:00:02
招商局置地：母企集团筹划地产板块整合事项,2268,0,2015-04-27 14:29:23
自公告,1835,0,2015-04-27 07:56:53
二零一五年四月二十三日e行的 股|L年大表QY果,1810,0,2015-04-24 01:16:59
自公告,1393,0,2015-04-19 20:18:06
董事名闻c其角色和能,1592,0,2015-04-16 15:10:21
持mPB交易: 褓fh,1371,0,2015-04-16 15:10:20
Iufh完成 及 委任立疹,1340,0,2015-04-14 15:27:53
招商局置地6.3亿人民币购佛山商住地,1789,0,2015-04-10 17:59:47
招商局置地首季合同销售总额升38%至15.7亿人币,1881,0,2015-04-10 17:57:08
截至二零一五年三月三十一日止三月之 未核I\,1443,0,2015-04-09 19:47:52
自公告 收地K,1394,0,2015-04-09 18:43:48
股r及成交量不こＷ,1462,0,2015-04-08 22:10:45
股份l行人的C券釉蟊,1256,0,2015-04-02 16:52:57
招商局置地获1亿美元三年期融资,1786,0,2015-04-01 20:05:30
根上市t第13.18l之披露,1231,0,2015-03-31 21:37:08
予披露交易:作出售一g附俟司嘁,1049,0,2015-03-25 21:38:50
予披露交易: 成立合I公司,1037,0,2015-03-24 08:37:15
股份l行人的C券釉蟊,913,0,2015-03-20 15:34:14
股|L年大通告,1185,0,2015-03-19 18:07:12
二零一五年四月二十三日星期四e行之股|L年大m用之代表委任表格,997,0,2015-03-19 18:05:37
建h授出回股份及l行本公司新股份之一般授唷⒔ㄗh重x本公司退任董事、建h更Q核,1065,0,2015-03-19 18:05:32
年2014,1601,0,2015-03-19 18:05:23
股份l行人的C券釉蟊,1003,0,2015-03-03 15:56:46
招商局置地(978)去年纯利3.8亿人币 派末期息1港仙,1833,0,2015-02-17 18:09:02
年报电话会议,24,0,2015-02-16 00:00:00
招商局置地去年纯利3.8亿人币 派末期息1港仙,1497,0,2015-02-15 17:11:07
建h更Q核,1052,0,2015-02-13 20:24:31
截至二零一四年十二月三十一日止年度 全年I公告,1094,0,2015-02-13 20:24:27
招商局置地去年纯利3.8亿人币 派末期息1港仙,1212,0,2015-02-13 17:12:21
股份l行人的C券釉蟊,943,0,2015-02-03 15:48:36
董事h日期,1033,0,2015-02-02 17:12:02
予披露及PB交易 成立合I公司 及授出售股,866,0,2015-01-30 20:50:18
PB交易 成立合I公司,922,0,2015-01-28 21:57:16
到达收成期,795,0,2015-01-12 00:00:00
截至二零一四年十二月三十一日止年度的 未核I\,1699,0,2015-01-09 22:26:07
自公告 收地K,1177,0,2015-01-09 21:19:59
盈利A警,1729,0,2015-01-09 21:19:58
公告-有P收 V州招商房地a49%股嗟 主要及P交易之先Ql件的_成 及 支付代r,1379,0,2015-01-09 18:09:54
股份l行人的C券釉蟊,1015,0,2015-01-05 16:13:54
根上市t第13.18l之披露,1985,0,2014-12-31 20:12:55
股份l行人的C券釉蟊,1072,0,2014-12-05 07:43:17
自公告 收地K,1539,0,2014-11-09 09:01:52
股份l行人的C券釉蟊,1248,0,2014-11-04 17:12:55
主要交易:出售一家附俟司之股本嘁婕 向一家附俟司|付股|J款以及 予披露交,1360,0,2014-10-21 15:51:27
截至二零一四年九月三十日止九月的 未核I\,1265,0,2014-10-09 22:28:44
股份l行人的C券釉蟊,1232,0,2014-10-07 16:09:54
主要交易:出售一家附俟司之股本嘁婕 向一家附俟司|付股|J款以及 予披露交,2618,1,2014-09-30 21:47:35
根上市t第13.18l作出披露,1468,0,2014-09-16 19:00:43
於二零一四年九月十二日e行的 股|特e大表QY果,1453,0,2014-09-13 09:02:39
股份l行人的C券釉蟊,1458,0,2014-09-04 16:20:54
主要及PB交易 有P 收V州招商房地a49%股,1744,0,2014-08-25 08:52:37
股|特e大通告,2131,0,2014-08-25 08:52:32
二零一四年九月十二日(星期五)e行之股|特e大m用之代表委任表格,1834,0,2014-08-25 08:52:32
予披露交易:作出售一家附俟司之 股本嘁婕跋蛞患腋俟司|付股|J款,2253,0,2014-08-25 07:52:12
根上市t第13.18l之披露,1781,0,2014-08-19 21:17:57
2014 中期蟾,2022,0,2014-08-07 20:57:27
股份l行人的C券釉蟊,1428,0,2014-08-05 16:18:43
予披露交易: 作出售附俟司之股本嘁婕跋蚋俟司|付股|J款 及授出J沽期,1413,0,2014-08-04 13:25:49
主要及PB交易有P收V州招商房地a49%股,1589,0,2014-08-03 21:23:10
截至二零一四年六月三十日止六月 中期I公告,1672,0,2014-08-02 09:17:58
予披露交易: 作出售附俟司之股本嘁婕跋蚋俟司|付股|J款 及授出J沽期,1462,0,2014-08-01 08:41:39
根上市t第13.18l之披露,1331,0,2014-07-31 07:55:33
董事h日期,1503,0,2014-07-22 19:13:31
自公告收地K,1520,0,2014-07-11 17:17:46
截至二零一四年六月三十日止六月的未核I\,1613,0,2014-07-11 17:17:40
盈利A警,1730,0,2014-07-11 17:17:33
0904中国绿色食品市净率现0.072,2354,1,2014-05-24 10:46:42
股份l行人的C券釉蟊,1372,0,2014-07-03 15:50:37
股份l行人的C券釉蟊,1528,0,2014-06-05 15:50:23
二零一四年五月十二日e行的 股|L年大表QY果,1915,0,2014-05-24 10:24:49
自公告 收地K,1862,0,2014-05-24 10:10:14
股份l行人的C券釉蟊,1486,0,2014-05-24 10:05:14
股份l行人的C券釉蟊,1558,0,2014-05-24 08:34:56
股份l行人的C券釉蟊,2124,0,2014-05-24 08:24:28
股份l行人的C券釉蟊,2486,0,2014-05-24 08:13:01
自公告 收地K,2173,0,2014-05-24 08:01:26
截至二零一四年三月三十一日止三月的 未核I\,2005,0,2014-05-24 08:01:26
年2013,1803,0,2014-05-24 07:50:24
二零一四年五月十二日星期一e行之股|L年大m用之代表委任表格,1588,0,2014-05-24 07:49:51
股|L年大通告,1589,0,2014-05-24 07:49:51
建h授出回股份及l行本公司新股份之 一般授嗉敖ㄗh重x本公司退任董事 及 股|L,1459,0,2014-05-24 07:49:50
董事名闻c其角色和能,1644,0,2014-05-24 06:44:21
更改香港股份^艏暗怯分地址,1547,0,2014-05-24 06:44:21
董事o任及委任,2094,0,2014-05-24 06:44:15
截至二零一三年十二月三十一日止年度全年I公告,2050,0,2014-05-24 06:41:44
董事h日期,1614,0,2014-05-24 06:21:49
自公告 收地K,1675,0,2014-05-24 06:00:29
股份l行人的C券釉蟊,1301,0,2014-05-24 05:49:24
股份l行人的C券釉蟊,1889,0,2014-05-24 05:44:26
截至二零一三年十二月三十一日止年度之未核I\,1292,0,2014-05-24 05:19:55
自公告 收地K,1371,0,2014-05-24 05:13:20
更改香港主要II地c,1289,0,2014-05-24 04:54:38
"l行於二零一八年到期的500,000,000美元 4.021厘信用增券(「券」)",1723,0,2014-05-24 04:47:47
"l行於二零一八年到期的500,000,000美元 4.021厘信用增券",1385,0,2014-05-24 04:41:06
建hl行信用增券,1460,0,2014-05-24 04:29:45
更改公司名Q及股份Q 及更改公司W址,3116,0,2014-05-24 04:24:40
股份l行人的C券釉蟊,1602,0,2014-05-24 04:15:02
自公告 收地K,1861,0,2014-05-24 04:07:01
自公告 收地K,1674,0,2014-05-24 03:53:23
收地K,1764,0,2014-05-24 03:48:53
翌日披露蟊 - 已l行股本,1277,0,2014-05-24 03:46:14
董事名闻c其角色和能,1490,0,2014-05-24 03:45:46
公告 (1)收及配售完成 及 (2)董事委任生效,1496,0,2014-05-24 03:45:43
P於建h根特定授嗯涫叟涫酃煞莸亩r,1405,0,2014-05-24 03:37:38
二零一三年十月二十八日e行的 股|特e大表QY果,1527,0,2014-05-24 03:36:54
延t股|特e大和K止配售fh 恢唾Iu股份,2227,0,2014-05-24 02:14:11
二零一三年七月二日e行之股|特e大 表QY果,1760,0,2014-05-24 02:13:58
(1) 非常重大收及PB交易 (2) 涉及新上市申的反收 (3) 建h根特定授喟l行代,1142,0,2014-05-24 02:13:57
股|特e大通告,1749,0,2014-05-24 02:13:55
二零一三年十月二十八日e行的股|特e大m用的代表委任表格,1380,0,2014-05-24 02:13:55
延t股|特e大,1591,0,2014-05-24 02:13:17
短和Ｅ,1520,0,2014-05-24 02:07:03
修及重列 M章程大V及t,1355,0,2014-05-24 02:07:03
股份l行人的C券釉蟊,2122,0,2014-05-24 02:07:03
董事h日期,1630,0,2014-05-24 02:07:03
公告,1398,0,2014-05-24 02:07:01
股份l行人的C券釉蟊,1215,0,2014-05-24 01:59:37
董事o任及委任、 xe董事主席 及 委任董事委T成T,1682,0,2014-05-24 01:59:35
董事名闻c其角色和能,1210,0,2014-05-24 01:59:34
截至二零一三年六月三十日止六月 中期I公告,1848,0,2014-05-24 01:59:32
2013 中期蟾,1390,0,2014-05-24 01:59:32
公告 建h根特定授嗯涫叟涫酃煞,1550,0,2014-05-24 01:55:39
股份l行人的C券釉蟊,1561,0,2014-05-24 01:55:16
(1)非常重大收 (2)PB交易 及 (3)涉及新上市申的反收 有P股份Ifha充f,1610,0,2014-05-24 01:47:53
董事委任 及 更Q薪酬委T成T,1179,0,2014-05-24 01:47:53
董事名闻c其角色和能,1936,0,2014-05-24 01:47:53
股份l行人的C券釉蟊,1067,0,2014-05-24 01:30:46
交易所通告 - 团,1139,0,2014-05-23 21:06:21
交易所通告 - 短和Ｅ,1408,0,2014-05-23 21:03:42
股|特e大通告（股份代号：978 ）,1714,0,2014-05-23 20:50:59
公告 (1)建h根特定授嗯涫叟涫酃煞 (2)非豁免持mPB交易 (3)委任及{任董事 及 ,1395,0,2014-05-23 20:50:58
代表委任表格(二零一三年七月八日之股|特e大)（股份代：978 ）,1571,0,2014-05-23 20:49:22
(1) 非常重大收及PB交易 (2) 涉及新上市申的反收 (3) 建h根特定授喟l行代,862,0,2014-05-23 20:46:38
公司持续获得大股东支持，成长性值得期待,1301,0,2014-04-17 00:00:00
00978到底是什么情况,1228,1,2014-01-22 14:51:58
让‘招商地产动力”嫁接“全球资源”,1585,0,2013-12-20 00:00:00
招商地产注资东力实业控股 打造双融资平台,2886,1,2013-05-06 09:00:00
年 由二零一二年四月一日至二零一二年十二月三十一日,37,0,2013-03-28 00:00:00
年 2012,50,0,2012-07-18 00:00:00
合公 延t寄l 有P 由中信^券融Y(香港)有限公司 代表SUCCESS WELL INVESTMENTS LIMITED 提出ol件制F金收建h 以,182,0,2012-05-18 00:00:00
股r及成交量不こＷ,116,0,2012-05-09 00:00:00
招商局会把0978做到5元吗,2420,1,2012-05-08 15:26:27
停牌,121,0,2012-04-23 00:00:00
年 2011,40,0,2011-07-25 00:00:00
截至二零一一年三月三十一日止年度 全年I公,127,0,2011-06-29 00:00:00
截至二零一一年三月三十一日止年度 全年I公,116,0,2011-06-28 00:00:00
合公 有PA富嘉洛 代表A能有限公司 就|力I控股有限公司 每股面值港0.01元的全部已l行股份 (A能有限公司已碛谢蛲意收之股份除外) 提出之,42,0,2010-12-31 00:00:00
年 2010,47,0,2010-07-29 00:00:00
建h股本重M; 建h集F重M及嗳擞; 建hJ新股份及 申授出清洗豁免 以及 建hl行酬金股份 股|特e大Y果,102,0,2010-07-26 00:00:00
公 一家附俟司清P,98,0,2010-07-06 00:00:00
东力要倒闭了,1309,0,2010-01-05 16:13:46
